Date,Open,High,Low,Close,Adj Close,Volume
2/8/2016,5.894167,6.031667,5.611667,5.9575,5.945202,128740800
2/9/2016,5.711667,6.165833,5.685,5.888333,5.876178,114873600
2/10/2016,6.104167,6.326667,5.949167,5.958333,5.946033,93882000
2/11/2016,5.733333,6.075833,5.681667,5.944167,5.931897,119269200
2/12/2016,6.13,6.223333,5.968333,6.1975,6.184707,79107600
2/16/2016,6.485,6.61,6.364167,6.61,6.596355,74828400
2/17/2016,6.7775,7.1025,6.716667,7.066667,7.05208,91308000
2/18/2016,7.141667,7.144167,6.804167,6.826667,6.812575,64474800
2/19/2016,6.749167,6.955,6.685,6.8975,6.883262,59733600
2/22/2016,7.085,7.2475,7.065,7.223333,7.208422,62066400
2/23/2016,7.095833,7.1575,6.856667,6.863333,6.849165,66956400
2/24/2016,6.630833,7.091667,6.503333,7.0675,7.052911,87639600
2/25/2016,7.114167,7.270833,6.920833,7.2625,7.247508,64899600
2/26/2016,7.428333,7.445833,7.196667,7.245833,7.230875,62144400
2/29/2016,7.229167,7.390833,7.054167,7.054167,7.039605,57492000
3/1/2016,7.2475,7.730833,7.19,7.729167,7.713212,77784000
3/2/2016,7.7,7.745833,7.559167,7.7375,7.721528,48493200
3/3/2016,7.7175,7.724167,7.530833,7.694167,7.678284,51649200
3/4/2016,7.723333,7.855,7.5525,7.7075,7.691589,59461200
3/7/2016,7.5875,7.7225,7.3975,7.564167,7.548553,47281200
3/8/2016,7.403333,7.604167,7.335,7.364167,7.348966,53140800
3/9/2016,7.463333,7.518333,7.333333,7.505,7.489508,52086000
3/10/2016,7.625,7.738333,7.189167,7.476667,7.461233,85863600
3/11/2016,7.718333,7.8725,7.6525,7.864167,7.847933,42415200
3/14/2016,7.785,7.968333,7.775833,7.91,7.893672,39291600
3/15/2016,7.83,7.926667,7.750833,7.905,7.888682,48279600
3/16/2016,7.835,8.174167,7.835,8.106667,8.089932,44114400
3/17/2016,8.045,8.155833,7.950833,8.083333,8.066648,31876800
3/18/2016,8.15,8.198333,8.009167,8.13,8.113217,36884400
3/21/2016,8.095,8.254167,8.079167,8.226667,8.209685,34002000
3/22/2016,8.093333,8.3625,8.085833,8.3,8.282866,31803600
3/23/2016,8.255833,8.274167,8.045833,8.1025,8.085775,38613600
3/24/2016,7.970833,8.115,7.941667,8.1,8.08328,31755600
3/28/2016,8.181667,8.183333,8.031667,8.070833,8.054173,32346000
3/29/2016,8.026667,8.475,7.9875,8.456667,8.43921,44948400
3/30/2016,8.610833,8.7425,8.528333,8.583333,8.565615,52471200
3/31/2016,8.564167,8.66,8.505833,8.533333,8.515718,29630400
4/1/2016,8.403333,8.8275,8.355833,8.8175,8.799299,40755600
4/4/2016,8.804167,8.833333,8.655833,8.708333,8.690357,34158000
4/5/2016,8.509167,8.61,8.43,8.474167,8.456675,36710400
4/6/2016,8.5,8.886667,8.491667,8.88,8.86167,45522000
4/7/2016,8.729167,8.7725,8.385833,8.496667,8.479127,63056400
4/8/2016,8.650833,8.710833,8.388333,8.476667,8.459169,41560800
4/11/2016,8.586667,8.7125,8.379167,8.385833,8.368522,34264800
4/12/2016,8.401667,8.64,8.245,8.581667,8.563952,45606000
4/13/2016,8.790833,8.959167,8.755833,8.916667,8.89826,40545600
4/14/2016,8.919167,9.020833,8.8525,8.9225,8.904081,27810000
4/15/2016,8.893333,8.956667,8.786667,8.854167,8.83589,20773200
4/18/2016,8.780833,9.003333,8.763333,8.985,8.966453,25365600
4/19/2016,9.075,9.083333,8.6875,8.83,8.811772,39645600
4/20/2016,8.818333,8.970833,8.736667,8.851667,8.833395,26942400
4/21/2016,8.846667,8.946667,8.734167,8.854167,8.83589,33368400
4/22/2016,8.514167,8.629167,8.248333,8.453333,8.435883,50330400
4/25/2016,8.360833,8.451667,8.3275,8.446667,8.429231,24237600
4/26/2016,8.495833,8.5475,8.251667,8.330833,8.313637,27328800
4/27/2016,8.078333,8.1825,7.921667,8.130833,8.114049,45751200
4/28/2016,8.1575,8.2975,7.786667,7.8425,7.826311,40192800
4/29/2016,7.815833,7.88,7.525,7.7175,7.701569,47815200
5/2/2016,7.765833,7.9575,7.670833,7.921667,7.905314,29504400
5/3/2016,7.755833,7.86,7.64,7.710833,7.694916,36490800
5/4/2016,7.569167,7.6475,7.498333,7.558333,7.54273,38786400
5/5/2016,7.63,7.686667,7.500833,7.554167,7.538573,35994000
5/6/2016,7.433333,7.67,7.4125,7.663333,7.647513,39212400
5/9/2016,7.670833,7.835833,7.66,7.730833,7.714874,29635200
5/10/2016,7.813333,8.06,7.773333,8.055,8.038373,29120400
5/11/2016,8.015833,8.086667,7.823333,7.835,7.818827,31766400
5/12/2016,7.896667,7.910833,7.563333,7.725,7.709053,46185600
5/13/2016,7.72,7.846667,7.595833,7.631667,7.615913,38991600
5/16/2016,7.6625,8.01,7.654167,7.925833,7.909472,29323200
5/17/2016,7.916667,7.9725,7.565833,7.621667,7.605934,46807200
5/18/2016,7.579167,7.8325,7.526667,7.708333,7.692421,59492400
5/19/2016,7.614167,7.678333,7.420833,7.586667,7.571006,63524400
5/20/2016,7.679167,7.93,7.665833,7.84,7.823816,31338000
5/23/2016,7.86,7.948333,7.785833,7.801667,7.785562,21732000
5/24/2016,7.935833,8.304167,7.93,8.279167,8.262077,37501200
5/25/2016,8.374167,8.529167,8.3275,8.4575,8.440042,35211600
5/26/2016,8.485833,8.559167,8.418333,8.528333,8.510727,23817600
5/27/2016,8.5425,8.663333,8.541667,8.656667,8.638798,26785200
5/31/2016,8.704167,8.749167,8.579167,8.708333,8.690357,28237200
6/1/2016,8.629167,8.7675,8.605833,8.711667,8.693684,25134000
6/2/2016,8.6525,8.765833,8.516667,8.760833,8.742748,26164800
6/3/2016,8.710833,8.726667,8.471667,8.640833,8.622996,38882400
6/6/2016,8.68,8.8025,8.643333,8.733333,8.715305,21499200
6/7/2016,8.761667,8.775,8.655,8.671667,8.653767,19276800
6/8/2016,8.719167,8.765,8.616667,8.71,8.69202,20565600
6/9/2016,8.605833,8.6975,8.555833,8.671667,8.653767,24932400
6/10/2016,8.438333,8.481667,8.285833,8.38,8.3627,40440000
6/13/2016,8.239167,8.370833,8.133333,8.165,8.148145,29762400
6/14/2016,8.098333,8.249167,7.983333,8.169167,8.152303,35432400
6/15/2016,8.2225,8.249167,8.050833,8.095833,8.079121,26594400
6/16/2016,7.976667,8.185833,7.815,8.154167,8.137335,41090400
6/17/2016,8.120833,8.120833,7.820833,7.875,7.858744,41755200
6/20/2016,8.1575,8.260833,8.005,8.016667,8.000118,34810800
6/21/2016,8.065833,8.1475,8.009167,8.096667,8.079954,21603600
6/22/2016,8.12,8.254167,8.020833,8.044167,8.027561,25824000
6/23/2016,8.230833,8.386667,8.129167,8.383333,8.366027,32139600
6/24/2016,7.5,7.8625,7.3,7.356667,7.341481,81375600
6/27/2016,7.189167,7.199167,6.816667,6.928333,6.914031,58990800
6/28/2016,7.139167,7.3725,7.1325,7.3625,7.347302,49867200
6/29/2016,7.5425,7.799167,7.528333,7.745,7.729012,52116000
6/30/2016,7.791667,8.035833,7.716667,8.026667,8.010098,41452800
7/1/2016,8.0125,8.234167,8.003333,8.136667,8.119871,32856000
7/5/2016,8.031667,8.046667,7.863333,7.9925,7.976001,32734800
7/6/2016,7.883333,8.198333,7.805833,8.180833,8.163945,43369200
7/7/2016,8.2175,8.316667,8.145833,8.258333,8.241286,31557600
7/8/2016,8.380833,8.66,8.358333,8.64,8.622166,37510800
7/11/2016,8.738333,8.888333,8.73,8.7875,8.769361,35661600
7/12/2016,8.950833,8.996667,8.890833,8.925833,8.907408,28947600
7/13/2016,8.998333,9.003333,8.8575,8.863333,8.845037,31603200
7/14/2016,9.039167,9.091667,8.975833,9.043333,9.024665,27476400
7/15/2016,9.101667,9.1175,8.9375,8.9925,8.973937,21354000
7/18/2016,9.016667,9.223333,9.009167,9.171667,9.152735,20965200
7/19/2016,9.083333,9.16,9.028333,9.076667,9.05793,19666800
7/20/2016,9.215833,9.443333,9.189167,9.3875,9.368121,22681200
7/21/2016,9.415833,9.465,9.251667,9.331667,9.312404,28201200
7/22/2016,9.353333,9.475,9.261667,9.44,9.420513,21700800
7/25/2016,9.419167,9.449167,9.35,9.448333,9.428828,19060800
7/26/2016,9.439167,9.58,9.333333,9.48,9.46043,34088400
7/27/2016,9.7125,9.7475,9.550833,9.665,9.645048,32641200
7/28/2016,9.718333,9.806667,9.626667,9.77,9.749832,21780000
7/29/2016,9.84,9.915,9.745,9.834167,9.813867,25658400
8/1/2016,9.858333,10.064167,9.821667,9.988333,9.967714,26329200
8/2/2016,9.945833,9.974167,9.5725,9.763333,9.743179,40276800
8/3/2016,9.741667,9.860833,9.7225,9.855833,9.835488,21333600
8/4/2016,9.853333,9.9725,9.780833,9.944167,9.92364,21007200
8/5/2016,10.105,10.295833,10.0625,10.231667,10.210546,30870000
8/8/2016,10.249167,10.255,10.0975,10.199167,10.178114,18975600
8/9/2016,10.216667,10.360833,10.2,10.266667,10.245474,19954800
8/10/2016,10.274167,10.29,10.104167,10.1875,10.16647,21930000
8/11/2016,10.283333,10.383333,10.2275,10.319167,10.297865,17162400
8/12/2016,10.258333,10.338333,10.228333,10.338333,10.316992,17068800
8/15/2016,10.375,10.5375,10.365,10.468333,10.446724,14313600
8/16/2016,10.4075,10.416667,10.289167,10.303333,10.282063,15649200
8/17/2016,10.303333,10.359167,10.131667,10.351667,10.330298,22459200
8/18/2016,10.319167,10.401667,10.266667,10.361667,10.340278,14188800
8/19/2016,10.305,10.414167,10.218333,10.3475,10.32614,18404400
8/22/2016,10.298333,10.424167,10.245,10.3575,10.33612,18310800
8/23/2016,10.483333,10.543333,10.411667,10.419167,10.397657,15663600
8/24/2016,10.404167,10.449167,10.120833,10.218333,10.19724,17799600
8/25/2016,10.1375,10.263333,10.1025,10.17,10.149007,14611200
8/26/2016,10.183333,10.413333,10.033333,10.219167,10.198071,26828400
8/29/2016,10.225,10.339167,10.219167,10.2475,10.226347,12458400
8/30/2016,10.21,10.295833,10.051667,10.155,10.134037,16437600
8/31/2016,10.110833,10.156667,9.995833,10.128333,10.107426,17904000
9/1/2016,10.135,10.235,9.985,10.173333,10.152333,21488400
9/2/2016,10.354167,10.415833,10.184167,10.2925,10.271253,22684800
9/6/2016,10.354167,10.491667,10.283333,10.483333,10.461693,16496400
9/7/2016,10.515833,10.561667,10.390833,10.5025,10.48082,14518800
9/8/2016,10.416667,10.4225,10.2425,10.3225,10.301191,17516400
9/9/2016,10.070833,10.133333,9.54,9.54,9.520308,40228800
9/12/2016,9.396667,10.095,9.379167,10.029167,10.008464,32662800
9/13/2016,9.895,9.99,9.640833,9.7925,9.772285,31327200
9/14/2016,9.8175,10.083333,9.8075,9.918333,9.897859,27882000
9/15/2016,9.933333,10.4275,9.925,10.378333,10.35691,32965200
9/16/2016,10.3525,10.401667,10.216667,10.366667,10.345267,20380800
9/19/2016,10.445833,10.544167,10.175833,10.230833,10.209714,22917600
9/20/2016,10.333333,10.416667,10.24,10.2875,10.266264,18945600
9/21/2016,10.416667,10.634167,10.240833,10.586667,10.564814,34650000
9/22/2016,10.785,10.88,10.746667,10.834167,10.811802,19525200
9/23/2016,10.8,10.805833,10.59,10.639167,10.617205,18266400
9/26/2016,10.455833,10.493333,10.323333,10.375,10.353583,20470800
9/27/2016,10.363333,10.688333,10.323333,10.669167,10.647143,20725200
9/28/2016,10.7075,10.746667,10.565,10.7275,10.705356,18924000
9/29/2016,10.681667,10.734167,10.359167,10.5,10.478325,28707600
9/30/2016,10.596667,10.8225,10.544167,10.715833,10.693712,19996800
10/3/2016,10.679167,10.723333,10.554167,10.691667,10.669596,20439600
10/4/2016,10.7675,10.845833,10.514167,10.630833,10.608888,28051200
10/5/2016,10.7275,10.845833,10.7125,10.741667,10.719493,17214000
10/6/2016,10.701667,10.794167,10.5725,10.725,10.702862,18632400
10/7/2016,10.759167,10.799167,10.501667,10.655,10.633005,22640400
10/10/2016,10.8125,10.930833,10.806667,10.845833,10.823444,14972400
10/11/2016,10.823333,10.836667,10.254167,10.3975,10.376037,32410800
10/12/2016,10.408333,10.4725,10.27,10.375833,10.354414,20514000
10/13/2016,10.159167,10.338333,9.9725,10.254167,10.233,26107200
10/14/2016,10.3925,10.526667,10.268333,10.2775,10.256285,20452800
10/17/2016,10.275,10.328333,10.165833,10.206667,10.185597,13965600
10/18/2016,10.5625,10.619167,10.458333,10.468333,10.446724,19242000
10/19/2016,10.449167,10.514167,10.415833,10.4725,10.450882,11763600
10/20/2016,10.424167,10.501667,10.251667,10.428333,10.406807,17487600
10/21/2016,10.450833,10.565833,10.3525,10.541667,10.519906,14658000
10/24/2016,10.755,10.9475,10.746667,10.925833,10.903278,17162400
10/25/2016,10.935833,10.951667,10.774167,10.816667,10.794338,14928000
10/26/2016,10.608333,10.78,10.508333,10.609167,10.587267,23827200
10/27/2016,10.739167,10.765,10.413333,10.460833,10.43924,25760400
10/28/2016,10.361667,10.528333,10.166667,10.28,10.258779,35739600
10/31/2016,10.38,10.38,10.216667,10.221667,10.200567,14226000
11/1/2016,10.2875,10.2875,9.735,10.011667,9.991001,25480800
11/2/2016,9.978333,10.045833,9.684167,9.750833,9.730705,20440800
11/3/2016,9.710833,9.8025,9.434167,9.47,9.450452,21753600
11/4/2016,9.3825,9.589167,9.315,9.3625,9.343174,21230400
11/7/2016,9.815833,10.065,9.7775,10.033333,10.012622,25240800
11/8/2016,10,10.365,9.933333,10.23,10.208882,27646800
11/9/2016,9.8675,10.419167,9.839167,10.373333,10.351919,45823200
11/10/2016,10.499167,10.558333,9.455833,9.88,9.859606,61992000
11/11/2016,9.7275,9.943333,9.633333,9.871667,9.85129,28390800
11/14/2016,9.89,9.911667,9.43,9.538333,9.518642,44388000
11/15/2016,9.78,10.070833,9.7525,9.98,9.959398,26392800
11/16/2016,9.829167,10.174167,9.829167,10.1425,10.121563,21584400
11/17/2016,10.135833,10.3775,10.0725,10.3775,10.356077,18884400
11/18/2016,10.396667,10.464167,10.229167,10.260833,10.239652,15764400
11/21/2016,10.325833,10.601667,10.321667,10.569167,10.54735,20906400
11/22/2016,10.6975,10.75,10.59,10.664167,10.642154,19170000
11/23/2016,10.561667,10.5975,10.4,10.535833,10.514084,18456000
11/25/2016,10.585833,10.653333,10.5425,10.6375,10.615541,9570000
11/28/2016,10.589167,10.716667,10.535,10.578333,10.556496,17866800
11/29/2016,10.5875,10.826667,10.51,10.68,10.657955,18645600
11/30/2016,10.701667,10.7275,10.2775,10.334167,10.312835,37824000
12/1/2016,10.281667,10.2825,9.705833,9.766667,9.746507,46596000
12/2/2016,9.775833,9.93,9.689167,9.805833,9.785591,25746000
12/5/2016,9.964167,10.156667,9.826667,10.0325,10.01179,22485600
12/6/2016,10.11,10.1625,9.986667,10.105,10.084141,17313600
12/7/2016,10.045833,10.53,9.958333,10.48,10.458365,37216800
12/8/2016,10.506667,10.629167,10.445833,10.544167,10.522401,28254000
12/9/2016,10.663333,10.809167,10.663333,10.790833,10.768559,25668000
12/12/2016,10.643333,10.711667,10.518333,10.640833,10.618867,23787600
12/13/2016,10.756667,11.2275,10.741667,11.056667,11.033844,42298800
12/14/2016,11.078333,11.198333,10.881667,10.975833,10.953176,35594400
12/15/2016,11.005833,11.225,10.946667,11.0425,11.019705,26606400
12/16/2016,11.094167,11.165833,10.8475,10.908333,10.885816,28688400
12/19/2016,10.954167,11.241667,10.905,11.041667,11.018874,20893200
12/20/2016,11.128333,11.229167,11.108333,11.175,11.151933,15696000
12/21/2016,11.179167,11.201667,11.065833,11.135833,11.112845,12072000
12/22/2016,11.140833,11.155833,10.92,11.039167,11.016379,16380000
12/23/2016,10.994167,11.078333,10.958333,11.073333,11.050474,8062800
12/27/2016,11.133333,11.4275,11.121667,11.235,11.211807,18910800
12/28/2016,11.303333,11.339167,10.950833,10.975,10.952345,22834800
12/29/2016,10.969167,11.038333,10.823333,10.921667,10.899122,21432000
12/30/2016,10.984167,10.990833,10.5,10.6025,10.580613,26346000
1/3/2017,10.800833,10.990833,10.6975,10.859167,10.836751,24411600
1/4/2017,10.909167,11.105,10.895,11.044167,11.021369,16628400
1/5/2017,11.035,11.254167,11.025,11.24,11.216798,15343200
1/6/2017,11.260833,11.613333,11.175,11.525,11.501209,23949600
1/9/2017,11.553333,11.7,11.53,11.641667,11.617636,16543200
1/10/2017,11.636667,11.818333,11.575833,11.708333,11.684164,16584000
1/11/2017,11.716667,11.806667,11.545,11.798333,11.773978,23526000
1/12/2017,11.681667,11.773333,11.421667,11.738333,11.714102,20129400
1/13/2017,11.776667,11.93,11.773333,11.873333,11.848823,14653200
1/17/2017,11.766667,11.833333,11.66,11.761667,11.737389,13882800
1/18/2017,11.816667,11.865,11.721667,11.841667,11.817223,12332400
1/19/2017,11.875,12.006667,11.743333,11.81,11.785622,14932800
1/20/2017,11.966667,12.058333,11.8,11.886667,11.862129,14211600
1/23/2017,11.85,11.966667,11.695,11.913333,11.888741,13812600
1/24/2017,11.978333,12.213333,11.928333,12.161667,12.136561,12922800
1/25/2017,12.381667,12.535,12.355,12.516667,12.490829,14037000
1/26/2017,12.573333,12.643333,12.501667,12.568333,12.542388,12714000
1/27/2017,12.633333,12.67,12.513333,12.628333,12.602264,8312400
1/30/2017,12.495,12.501667,12.13,12.341667,12.316192,18760800
1/31/2017,12.215,12.273333,12.048333,12.273333,12.247997,14904000
2/1/2017,12.513333,12.586667,12.346667,12.506667,12.480849,18127800
2/2/2017,12.443333,12.591667,12.34,12.475,12.449248,14473800
2/3/2017,12.525,12.625,12.486667,12.583333,12.557358,12048000
2/6/2017,12.521667,12.636667,12.488333,12.63,12.603928,10426800
2/7/2017,12.696667,12.848333,12.676667,12.76,12.73366,11658600
2/8/2017,12.715,12.881667,12.645,12.831667,12.80518,9241800
2/9/2017,12.866667,13.055,12.846667,12.965,12.938236,12881400
2/10/2017,13.055,13.15,12.988333,13.093333,13.066305,11968200
2/13/2017,13.216667,13.371667,13.196667,13.323333,13.29583,10747200
2/14/2017,13.331667,13.453333,13.206667,13.448333,13.420572,15666000
2/15/2017,13.431667,13.706667,13.4,13.68,13.651761,18391200
2/16/2017,13.713333,13.795,13.57,13.668333,13.640119,15987600
2/17/2017,13.611667,13.85,13.603333,13.84,13.811431,12901800
2/21/2017,13.936667,14.08,13.905,14.06,14.030977,16682400
2/22/2017,14.016667,14.096667,13.943333,14.061667,14.03264,10764000
2/23/2017,14.123333,14.125,13.736667,13.91,13.881286,15669000
2/24/2017,13.71,13.985,13.7,13.985,13.956131,12682800
2/27/2017,13.911667,14.035,13.835,14.026667,13.997712,13109400
2/28/2017,14.028333,14.041667,13.79,13.916667,13.887939,10476000
3/1/2017,14.16,14.433333,14.093333,14.366667,14.33701,15813600
3/2/2017,14.36,14.36,14.093333,14.14,14.110812,10729800
3/3/2017,14.106667,14.233333,13.998333,14.213333,14.183993,8661600
3/6/2017,14.06,14.193333,13.951667,14.115,14.085863,9693600
3/7/2017,14.025,14.233333,13.978333,14.045,14.016007,8857200
3/8/2017,14.08,14.253333,14.031667,14.116667,14.087526,9663000
3/9/2017,14.113333,14.211667,13.928333,14.16,14.130769,11043000
3/10/2017,14.341667,14.393333,14.151667,14.315,14.28545,12864000
3/13/2017,14.301667,14.411667,14.288333,14.398333,14.36861,8470800
3/14/2017,14.3,14.321667,14.12,14.291667,14.262165,13255200
3/15/2017,14.39,14.653333,14.241667,14.541667,14.51165,15953400
3/16/2017,14.641667,14.641667,14.428333,14.533333,14.503332,9718800
3/17/2017,14.566667,14.625,14.49,14.498333,14.468405,8830200
3/20/2017,14.498333,14.645,14.433333,14.541667,14.51165,9174000
3/21/2017,14.703333,14.75,13.86,13.893333,13.864654,23392200
3/22/2017,13.901667,14.205,13.836667,14.166667,14.137424,17843400
3/23/2017,14.115,14.226667,13.986667,14.053333,14.024323,14766000
3/24/2017,14.186667,14.351667,13.98,14.13,14.100833,12921600
3/27/2017,13.841667,14.278333,13.738333,14.205,14.175677,18814800
3/28/2017,14.203333,14.595,14.115,14.471667,14.441794,21000000
3/29/2017,14.485,14.683333,14.451667,14.663333,14.633063,12042600
3/30/2017,14.658333,14.785,14.61,14.736667,14.706246,13231800
3/31/2017,14.671667,14.82,14.623333,14.701667,14.671318,13536600
4/3/2017,14.745,14.846667,14.436667,14.67,14.639717,16130400
4/4/2017,14.541667,14.748333,14.531667,14.736667,14.706246,8106000
4/5/2017,14.808333,15.063333,14.481667,14.568333,14.53826,18340200
4/6/2017,14.618333,14.701667,14.475,14.58,14.549902,15412800
4/7/2017,14.57,14.695,14.405,14.563333,14.533271,10393800
4/10/2017,14.613333,14.755,14.455,14.58,14.549902,12094200
4/11/2017,14.523333,14.596667,14.071667,14.396667,14.366948,21336600
4/12/2017,14.38,14.41,14.163333,14.206667,14.177341,17023800
4/13/2017,14.15,14.395,14.03,14.038333,14.009355,15342600
4/17/2017,14.156667,14.39,14.14,14.371667,14.342,9083400
4/18/2017,14.238333,14.446667,14.211667,14.33,14.300419,12688800
4/19/2017,14.495,14.636667,14.32,14.38,14.350316,14392200
4/20/2017,14.555,14.833333,14.488333,14.728333,14.69793,20623200
4/21/2017,14.776667,14.795,14.62,14.721667,14.691278,13506600
4/24/2017,15.208333,15.3,15.143333,15.256667,15.225173,15018000
4/25/2017,15.408333,15.671667,15.373333,15.595,15.562809,16028400
4/26/2017,15.61,15.721667,15.493333,15.526667,15.494616,21915000
4/27/2017,15.643333,15.8,15.605,15.798333,15.76572,14419200
4/28/2017,15.99,16.008333,15.808333,15.888333,15.855536,17125200
5/1/2017,16.035,16.370001,16.014999,16.288334,16.254711,16158600
5/2/2017,16.368334,16.408333,16.243334,16.385,16.351177,15103200
5/3/2017,16.285,16.286667,16.091667,16.223333,16.189844,18396600
5/4/2017,16.231667,16.306667,16.073334,16.24,16.206476,18151800
5/5/2017,16.356667,16.416668,16.181667,16.416668,16.38278,13626600
5/8/2017,16.441668,16.521667,16.341667,16.514999,16.480907,15316800
5/9/2017,16.593332,16.805,16.556667,16.696667,16.662199,18929400
5/10/2017,16.715,16.738333,16.546667,16.723333,16.68881,14048400
5/11/2017,16.588333,16.691668,16.355,16.683332,16.648893,15608400
5/12/2017,16.705,16.801666,16.661667,16.791668,16.757006,14634600
5/15/2017,16.808332,16.976667,16.764999,16.948334,16.913349,17335200
5/16/2017,17.068333,17.163334,16.931667,17.161667,17.12624,19266600
5/17/2017,16.758333,16.846666,15.841667,15.863333,15.830586,35059200
5/18/2017,15.84,16.421667,15.771667,16.264999,16.231422,30096000
5/19/2017,16.423332,16.673332,16.41,16.461666,16.427685,18211200
5/22/2017,16.576668,16.908333,16.558332,16.888332,16.85347,16338600
5/23/2017,17.026667,17.033333,16.803333,16.93,16.895052,17214600
5/24/2017,17.071667,17.183332,16.938334,17.163334,17.127905,16235400
5/25/2017,17.351667,17.726667,17.243334,17.615,17.578638,21876000
5/26/2017,17.601667,17.708332,17.535,17.690001,17.653484,13714200
5/30/2017,17.646667,17.791668,17.628332,17.726667,17.690075,13798200
5/31/2017,17.888332,17.926666,17.434999,17.705,17.668451,24225600
6/1/2017,17.809999,17.931667,17.591667,17.916668,17.879683,18523200
6/2/2017,18.093332,18.541668,18.014999,18.528334,18.490086,20811000
6/5/2017,18.513332,18.610001,18.434999,18.513332,18.475115,12869400
6/6/2017,18.446667,18.626667,18.209999,18.303333,18.265551,19433400
6/7/2017,18.433332,18.549999,18.193333,18.503332,18.465137,20352600
6/8/2017,18.618334,18.646667,18.261667,18.553333,18.515036,23140800
6/9/2017,18.620001,18.688334,16.443333,17.211666,17.176138,58284600
6/12/2017,16.733334,16.976667,16.238333,16.9,16.865114,41612400
6/13/2017,17.163334,17.363333,16.906668,17.295,17.259298,31623000
6/14/2017,17.498333,17.498333,16.655001,17.063334,17.028111,34753200
6/15/2017,16.541668,16.889999,16.23,16.833332,16.798584,35289600
6/16/2017,16.799999,16.811666,16.428333,16.631666,16.597334,23464200
6/19/2017,17.094999,17.493334,17.018333,17.436666,17.400673,27736200
6/20/2017,17.395,17.456667,17.018333,17.041668,17.006489,21484800
6/21/2017,17.146667,17.553333,17.111668,17.536667,17.500465,20897400
6/22/2017,17.615,17.709999,17.383333,17.516666,17.480507,17111400
6/23/2017,17.455,17.783333,17.313334,17.713333,17.676769,17196600
6/26/2017,18.004999,18.111668,17.355,17.478333,17.442251,26420400
6/27/2017,17.275,17.331667,16.516666,16.516666,16.482573,36022200
6/28/2017,16.690001,17.263332,16.406668,17.209999,17.174473,30215400
6/29/2017,16.998333,17.01,15.833333,16.333332,16.299616,57891000
6/30/2017,16.475,16.601667,16.181667,16.276667,16.243067,24654000
7/3/2017,16.566668,16.618334,15.793333,15.833333,15.800649,20421000
7/5/2017,15.955,16.415001,15.808333,16.285,16.251383,28508400
7/6/2017,15.908333,16.115,15.671667,15.855,15.82227,26581200
7/7/2017,16.011667,16.483334,16,16.33,16.296289,22405800
7/10/2017,16.391666,16.791668,16.26,16.671667,16.637253,23028600
7/11/2017,16.598333,16.871668,16.411667,16.808332,16.773636,27142800
7/12/2017,17.23,17.459999,17.136667,17.406668,17.370735,26326800
7/13/2017,17.475,17.645,17.368334,17.521667,17.485498,22869000
7/14/2017,17.728333,17.996668,17.588333,17.933332,17.896315,21159000
7/17/2017,17.991667,18.146667,17.855,17.943333,17.906292,25165800
7/18/2017,17.906668,18.318333,17.75,18.299999,18.262224,21045600
7/19/2017,18.458332,18.708332,18.445,18.635,18.596531,26058600
7/20/2017,18.771667,18.809999,18.448334,18.705,18.666388,27115200
7/21/2017,18.473333,18.678333,18.388332,18.676666,18.638113,21729000
7/24/2017,18.671667,18.968332,18.601667,18.92,18.880943,22183200
7/25/2017,18.745001,18.918333,18.631666,18.793333,18.754538,23545200
7/26/2017,18.913334,18.996668,18.833332,18.961666,18.922523,15151800
7/27/2017,19.343332,19.391666,17.943333,18.623333,18.58489,47239200
7/28/2017,18.295,18.648333,18.178333,18.563334,18.525015,17505600
7/31/2017,18.715,18.786667,18.198334,18.321667,18.283846,22179000
8/1/2017,18.504999,18.52,18.275,18.441668,18.403599,15289200
8/2/2017,18.790001,18.808332,18.073334,18.576668,18.538321,27591600
8/3/2017,18.646667,18.653334,18.268333,18.383333,18.345385,18160200
8/4/2017,18.491667,18.594999,18.243334,18.455,18.416904,17872200
8/7/2017,18.563334,18.811666,18.483334,18.781668,18.742897,13709400
8/8/2017,18.698334,19.166668,18.551666,18.711666,18.67304,25971600
8/9/2017,18.253332,18.661667,18.123333,18.638332,18.599857,24770400
8/10/2017,18.325001,18.358334,17.385,17.428333,17.392357,40845600
8/11/2017,17.513332,17.945,17.389999,17.826668,17.789867,26317800
8/14/2017,18.241667,18.6,18.236668,18.52,18.481771,23872200
8/15/2017,18.623333,18.661667,18.401667,18.553333,18.515036,18074400
8/16/2017,18.683332,18.908333,18.465,18.65,18.611502,24763200
8/17/2017,18.423332,18.513332,17.5,17.503332,17.467201,39645600
8/18/2017,17.530001,17.818333,17.25,17.441668,17.405663,32463000
8/21/2017,17.471666,17.573334,17.066668,17.41,17.374062,21620400
8/22/2017,17.666668,18.238333,17.658333,18.184999,18.147461,23566200
8/23/2017,17.886667,18.106667,17.863333,17.981667,17.944548,21019200
8/24/2017,18.113333,18.183332,17.516666,17.831667,17.794857,24295200
8/25/2017,18.013332,18.165001,17.645,17.711666,17.675104,23155200
8/28/2017,17.866667,17.996668,17.701668,17.866667,17.829786,16560600
8/29/2017,17.401667,18.166668,17.360001,18.086666,18.04933,21280800
8/30/2017,18.118334,18.799999,18.086666,18.713333,18.674704,26562000
8/31/2017,18.865,19.313334,18.834999,19.245001,19.205273,26544000
9/1/2017,19.391666,19.465,19.083332,19.231667,19.191969,17750400
9/5/2017,19.048332,19.18,18.278334,18.716667,18.678032,32308800
9/6/2017,18.868334,19.004999,18.475,18.878332,18.839361,21389400
9/7/2017,18.988333,19.15,18.799999,18.995001,18.955791,18492600
9/8/2017,18.923332,18.956667,18.458332,18.526667,18.488424,20661600
9/11/2017,18.945,19.238333,18.938334,19.116667,19.077206,21319800
9/12/2017,19.299999,19.361668,19.011667,19.278334,19.238539,18354600
9/13/2017,19.166668,19.363333,19.09,19.358334,19.318373,12901200
9/14/2017,19.145,19.301666,18.983334,19.031668,18.992382,18394200
9/15/2017,19.011667,19.418333,18.913334,19.184999,19.145397,19816200
9/18/2017,19.268333,19.453333,18.958332,19.138332,19.098827,22877400
9/19/2017,19.228333,19.309999,19.031668,19.219999,19.180325,14235600
9/20/2017,19.209999,19.266666,18.610001,19.059999,19.020655,26826600
9/21/2017,19.003332,19.01,18.5,18.693333,18.654745,21222600
9/22/2017,18.508333,18.721666,18.459999,18.646667,18.608175,15541800
9/25/2017,18.418333,18.446667,17.775,18.061666,18.024384,33880200
9/26/2017,18.323334,18.423332,17.995001,18.184999,18.147461,23772600
9/27/2017,18.475,18.876667,18.333332,18.678333,18.639776,27837000
9/28/2017,18.543333,18.700001,18.406668,18.646667,18.608175,16134000
9/29/2017,18.76,19.081667,18.610001,19.041668,19.002361,22062000
10/2/2017,19.139999,19.328333,18.84,19.094999,19.055582,23051400
10/3/2017,19.166668,19.280001,19.041668,19.215,19.175335,15684600
10/4/2017,19.103333,19.385,19.051666,19.264999,19.225231,22538400
10/5/2017,19.49,19.851667,19.408333,19.82,19.779085,23572800
10/6/2017,19.633333,19.9,19.625,19.891666,19.850605,21490200
10/9/2017,19.983334,20.043333,19.761667,19.841667,19.800707,17212800
10/10/2017,20.030001,20.094999,19.618334,19.883333,19.842289,17939400
10/11/2017,19.858334,20.066668,19.775,20.056667,20.015265,14947200
10/12/2017,19.971666,20.18,19.876667,19.948334,19.907156,16545000
10/13/2017,20.178333,20.24,20.108334,20.171667,20.130028,12218400
10/16/2017,20.323334,20.389999,20.188334,20.379999,20.337929,14269800
10/17/2017,20.355,20.458332,20.26,20.451668,20.409451,15047400
10/18/2017,20.508333,20.511667,20.288334,20.373333,20.331278,14475000
10/19/2017,20.023333,20.15,19.719999,20.148333,20.106739,20170200
10/20/2017,20.389999,20.438334,20.235001,20.295,20.253105,16638600
10/23/2017,20.423332,20.428333,19.821667,19.916668,19.875553,15364200
10/24/2017,20.011667,20.128332,19.785,20.018333,19.977011,14718000
10/25/2017,19.883333,20.08,19.328333,19.775,19.734179,22297800
10/26/2017,19.746668,19.878332,19.563334,19.591667,19.551226,18192000
10/27/2017,20.523333,21.398333,20.471666,21.280001,21.236073,36954600
10/30/2017,21.226667,21.68,21.18,21.431667,21.387426,24139200
10/31/2017,21.623333,21.758333,21.451668,21.658333,21.613625,15049200
11/1/2017,21.93,21.959999,21.391666,21.629999,21.585348,20766000
11/2/2017,21.565001,21.594999,21.075001,21.52,21.475576,22945200
11/3/2017,21.748333,22.145,21.528334,22.120001,22.074339,21675000
11/6/2017,22.081667,22.379999,22.055,22.344999,22.298874,19024200
11/7/2017,22.295,22.481667,22.16,22.381666,22.335464,23330400
11/8/2017,22.360001,22.674999,22.276667,22.661667,22.614887,17215800
11/9/2017,22.110001,22.333332,21.608334,22.298332,22.252302,40798800
11/10/2017,22.148333,22.343332,22.023333,22.291668,22.245653,16609200
11/13/2017,22.056667,22.456667,22.038334,22.358334,22.31218,18786000
11/14/2017,22.133333,22.206667,21.806667,22.133333,22.087645,22750200
11/15/2017,21.85,21.991667,21.459999,21.808332,21.763315,20167200
11/16/2017,22.151667,22.785,22.139999,22.625,22.578297,20213400
11/17/2017,22.648333,22.693333,22.311666,22.371668,22.325487,17338200
11/20/2017,22.406668,22.483334,22.226667,22.316668,22.270599,12514800
11/21/2017,22.628332,23.066668,22.605,23.02,22.972481,17685600
11/22/2017,23.101667,23.184999,22.971666,23.111668,23.063959,15029400
11/24/2017,23.200001,23.389999,23.156668,23.371668,23.323421,9988200
11/27/2017,23.341667,23.503332,23.18,23.333332,23.285166,16709400
11/28/2017,23.491667,23.558332,23.118334,23.504999,23.456478,17576400
11/29/2017,23.446667,23.446667,21.959999,22.296667,22.250641,52072200
11/30/2017,22.576668,22.973333,22.408333,22.85,22.802832,29695200
12/1/2017,22.408333,22.871668,21.548332,22.545,22.498463,42573600
12/4/2017,22.986668,23.038334,21.698334,21.766666,21.721735,41361000
12/5/2017,21.728333,22.548332,21.491667,21.798332,21.753336,28870200
12/6/2017,21.556667,22.191668,21.476667,22.086666,22.041075,23689800
12/7/2017,22.1,22.5,22.014999,22.305,22.258957,19039200
12/8/2017,22.799999,22.963333,22.5,22.6,22.553349,22100400
12/11/2017,22.635,23.146667,22.625,23.118334,23.07061,17892000
12/12/2017,23.084999,23.236668,22.886667,23.031668,22.984125,18344400
12/13/2017,23.293333,23.379999,23.063334,23.146667,23.098886,20835600
12/14/2017,23.281668,23.448334,23.025,23.113333,23.06562,17811600
12/15/2017,23.383333,23.968332,23.256666,23.865,23.815735,27917400
12/18/2017,24.334999,24.548332,24.233334,24.478333,24.427805,20270400
12/19/2017,24.346666,24.424999,23.855,24.08,24.030293,24717000
12/20/2017,24.309999,24.32,23.681667,23.98,23.930498,17787600
12/21/2017,24.065001,24.285,23.886667,23.968332,23.918854,16629600
12/22/2017,23.866667,23.915001,23.686666,23.888332,23.83902,10623000
12/26/2017,23.506666,23.586666,23.231667,23.501667,23.453154,12216600
12/27/2017,23.503332,23.690001,23.433332,23.501667,23.453154,11299200
12/28/2017,23.709999,23.731667,23.496668,23.565001,23.516356,11682600
12/29/2017,23.653334,23.653334,23.103333,23.120001,23.072275,17139600
1/2/2018,23.483334,24.356667,23.315001,24.306667,24.256491,22933800
1/3/2018,24.405001,25.110001,24.401667,25.018333,24.966688,21306000
1/4/2018,25.311666,25.401667,25.076668,25.165001,25.113052,17506200
1/5/2018,25.516666,25.98,25.385,25.924999,25.871483,20595000
1/8/2018,25.921667,26.266666,25.896667,26.213333,26.159222,18063000
1/9/2018,26.373333,26.461666,26,26.233334,26.179182,26042400
1/10/2018,25.868334,26.056667,25.535,26.046667,25.992899,23963400
1/11/2018,26.178333,26.568333,26.056667,26.568333,26.513489,18709800
1/12/2018,26.478333,27.235001,26.403334,27.131666,27.075661,22390200
1/16/2018,27.68,28.111668,26.68,26.921667,26.866095,41255400
1/17/2018,27.280001,27.908333,26.911667,27.77,27.712675,20656200
1/18/2018,27.648333,27.981667,27.451668,27.796667,27.739288,23598600
1/19/2018,28.035,28.183332,27.641666,28.063334,28.005404,21237000
1/22/2018,27.996668,28.940001,27.924999,28.940001,28.88026,25965600
1/23/2018,29.218332,29.745001,29.173332,29.673332,29.612078,32335800
1/24/2018,29.834999,30.043333,28.575001,29.071667,29.011656,52268400
1/25/2018,29.678333,29.700001,28.761667,29.035,28.975065,33325200
1/26/2018,29.5,30.331667,29.346666,30.331667,30.269054,26609400
1/29/2018,30.151667,30.356667,29.735001,29.93,29.868216,33087000
1/30/2018,29.096666,29.558332,28.713333,29.165001,29.104795,33126600
1/31/2018,29.674999,29.843332,29,29.525,29.464052,27749400
2/1/2018,28.871668,29.700001,28.48,28.786667,28.727243,31992000
2/2/2018,28.465,28.638332,26.985001,27.028334,26.97254,47546400
2/5/2018,26.291668,27.606667,23.768333,23.908333,23.85898,57657000
2/6/2018,22.803333,25.833332,22.504999,25.751667,25.698507,59845800
2/7/2018,25.51,26.331667,24.733334,24.733334,24.682276,44028000
2/8/2018,24.988333,25.023333,21.666668,21.668333,21.623604,54101400
2/9/2018,22.533333,23.191668,20.200001,22.688334,22.641499,80086200
2/12/2018,23.463333,24.398333,22.871668,23.958332,23.908875,43764000
2/13/2018,23.538334,24.433332,23.395,24.25,24.199942,27013800
2/14/2018,23.886667,25.77,23.861668,25.67,25.61701,42028800
2/15/2018,26.333332,27.046667,25.530001,27.011667,26.955906,47593800
2/16/2018,26.815001,27.578333,26.558332,26.709999,26.654863,42638400
2/20/2018,26.403334,27.540001,26.378332,26.843332,26.78792,36467400
2/21/2018,27.228333,28.035,26.583332,26.601667,26.546753,44369400
2/22/2018,26.988333,27.391666,26.403334,26.606667,26.551743,41650800
2/23/2018,27.209999,28.209999,26.923332,28.191668,28.133472,35692200
2/26/2018,28.635,29.336666,28.573334,29.323334,29.262802,33487800
2/27/2018,29.375,29.531668,28.236668,28.273333,28.214968,43327200
2/28/2018,28.745001,29.025,27.676666,27.705,27.64781,38253600
3/1/2018,27.766666,28.136667,25.613333,26.371668,26.31723,62979000
3/2/2018,25.446667,27.223333,25.129999,27.096666,27.04073,48349800
3/5/2018,26.715,28.186666,26.393333,27.946667,27.888977,37220400
3/6/2018,28.363333,28.615,27.799999,28.299999,28.241579,35515200
3/7/2018,27.681667,28.583332,27.536667,28.511667,28.452812,33441000
3/8/2018,28.83,29.036667,28.518333,28.936666,28.876934,28792200
3/9/2018,29.593332,30.621668,29.463333,30.621668,30.558456,36837000
3/12/2018,30.916668,31.361668,30.723333,31.08,31.015842,33169800
3/13/2018,30.916668,31.361668,29.643333,29.951668,29.889839,45573000
3/14/2018,30.33,30.421667,29.466667,29.85,29.78838,33405600
3/15/2018,29.940001,30.301666,29.440001,29.716667,29.655325,27724200
3/16/2018,29.886667,30.113333,29.466667,29.52,29.459064,19567200
3/19/2018,28.748333,28.748333,26.844999,27.666668,27.609556,48558000
3/20/2018,27.673332,28.066668,27.361668,27.870001,27.812469,23048400
3/21/2018,27.666668,28.433332,27.123333,27.466667,27.409969,33124200
3/22/2018,26.4,26.933332,25.366667,25.459999,25.407444,51469800
3/23/2018,25.366667,25.583332,23.403334,23.403334,23.355022,54399600
3/26/2018,24.833332,26.139999,23.73,26.036667,25.98292,45876000
3/27/2018,26.648333,26.648333,22.861668,23.540001,23.491407,68403600
3/28/2018,23.128332,23.803333,22.166668,22.728333,22.681414,60572400
3/29/2018,23.073334,24.616667,22.421667,23.986668,23.937153,49268400
4/2/2018,23.42,23.75,21.128332,21.856667,21.811546,61238400
4/3/2018,22.458332,22.866667,21.398333,22.59,22.543367,55451400
4/4/2018,21.271667,23.863333,21.200001,23.658333,23.609495,54182400
4/5/2018,24.363333,24.458332,23.526667,24.030001,23.980398,45838800
4/6/2018,23.281668,23.969999,21.903334,22.236668,22.190765,58072800
4/9/2018,22.823334,24.043333,22.591667,22.681667,22.634846,43972800
4/10/2018,23.741667,24.424999,23.273333,24.18,24.130087,48718800
4/11/2018,23.766666,24.561666,23.701668,23.773333,23.724257,35860200
4/12/2018,24.25,24.875,24.165001,24.606667,24.555872,35691600
4/13/2018,25.001667,25.106667,23.943333,24.241667,24.191626,35621400
4/16/2018,24.736668,25.065001,24.296667,24.776667,24.725521,29574600
4/17/2018,25.52,26.553333,25.391666,26.361668,26.307251,31036800
4/18/2018,26.4,26.825001,26.016666,26.545,26.490204,29522400
4/19/2018,26.161667,26.33,25.541668,25.823334,25.770029,32254800
4/20/2018,25.625,25.666668,24.316668,24.584999,24.534248,35203200
4/23/2018,24.926666,25.219999,24,24.391666,24.341316,30833400
4/24/2018,24.713333,24.848333,22.360001,22.836666,22.789524,53254800
4/25/2018,22.946667,23.200001,21.98,22.926666,22.879341,52704000
4/26/2018,23.798332,24.583332,23.57,24.348333,24.298073,35498400
4/27/2018,25.413334,25.441668,23.986668,24.405001,24.354622,41214600
4/30/2018,24.568333,25.016666,23.688334,23.885,23.835695,40281000
5/1/2018,23.676666,24.693333,23.521667,24.661667,24.61076,29244600
5/2/2018,24.825001,25.041668,24.166668,24.231667,24.181644,35913000
5/3/2018,23.908333,24.498333,23.075001,24.233334,24.18331,49018200
5/4/2018,23.926666,25.775,23.863333,25.596666,25.543829,46483200
5/7/2018,25.976667,26.488333,25.896667,26.205,26.150906,34765800
5/8/2018,26.065001,26.323334,25.584999,26.118334,26.064419,31678800
5/9/2018,26.299999,27.058332,26.016666,26.993334,26.937613,28749000
5/10/2018,27.25,27.889999,27.190001,27.833332,27.775877,29751600
5/11/2018,27.691668,27.936666,27.383333,27.75,27.692717,29924400
5/14/2018,27.924999,28.415001,27.75,27.873333,27.815794,27295800
5/15/2018,27.209999,27.256666,26.523333,26.971666,26.915991,43630200
5/16/2018,27.033333,27.666668,27.026667,27.468332,27.411629,22428000
5/17/2018,27.188334,27.781668,26.754999,27.158333,27.102272,25804800
5/18/2018,26.848333,27.116667,26.613333,26.723333,26.668169,21366600
5/21/2018,27.336666,27.705,26.833332,27.190001,27.133873,29223000
5/22/2018,27.538334,27.683332,26.93,27.048332,26.992495,24235800
5/23/2018,26.450001,27.745001,26.423332,27.728333,27.671095,30761400
5/24/2018,27.719999,27.855,26.870001,27.705,27.64781,17777600
5/25/2018,27.715,28.08,27.535,27.775,27.717667,15770400
5/29/2018,27.395,27.889999,26.915001,27.42,27.363398,23612800
5/30/2018,27.700001,28.139999,27.525,28.004999,27.947189,17701600
5/31/2018,27.965,28.49,27.719999,27.945,27.887314,20264200
6/1/2018,28.325001,29.290001,28.325001,29.245001,29.184631,19292800
6/4/2018,29.450001,30.049999,29.41,29.995001,29.933083,16012400
6/5/2018,30.235001,30.455,29.905001,30.305,30.242443,13975000
6/6/2018,30.4,30.83,29.940001,30.805,30.741409,14407000
6/7/2018,30.844999,30.860001,29.615,30.09,30.027887,19613000
6/8/2018,29.615,30.200001,29.415001,30.07,30.007927,12330200
6/11/2018,29.995001,30.530001,29.98,30.305,30.242443,10209000
6/12/2018,30.43,30.865,30.334999,30.785,30.721451,11962000
6/13/2018,30.9,31.465,30.57,30.75,30.686523,18061800
6/14/2018,31.190001,31.83,31.105,31.684999,31.619595,22613200
6/15/2018,31.32,31.545,30.9,31.370001,31.305244,19422400
6/18/2018,30.75,31.375,30.459999,31.299999,31.235388,17181600
6/19/2018,30.094999,31.030001,29.809999,31.02,30.955967,26908400
6/20/2018,31.43,32.064999,31.365,31.67,31.604626,19911200
6/21/2018,31.889999,31.995001,30.665001,30.85,30.786318,25570200
6/22/2018,31.16,31.190001,30.305,30.540001,30.476959,15556800
6/25/2018,29.809999,29.934999,27.745001,28.59,28.530981,42826600
6/26/2018,28.865,29.389999,28.549999,28.905001,28.845335,23541400
6/27/2018,29.27,29.66,27.66,27.745001,27.687727,32959600
6/28/2018,27.610001,28.705,27.434999,28.424999,28.366323,27825000
6/29/2018,28.834999,29.280001,28.530001,28.555,28.496056,19634000
7/2/2018,27.83,29.23,27.639999,29.195,29.134735,20824200
7/3/2018,29.51,29.540001,28.115,28.190001,28.131809,14106400
7/5/2018,28.745001,29.295,28.295,29.225,29.164671,16405600
7/6/2018,29.405001,30.645,29.26,30.540001,30.476959,18753000
7/9/2018,31.040001,31.424999,30.695,31.389999,31.325203,18094400
7/10/2018,31.525,31.674999,31.139999,31.465,31.400047,16696000
7/11/2018,30.75,31.33,30.645,31.004999,30.940998,19957400
7/12/2018,31.385,32.560001,31.32,32.535,32.467838,20338000
7/13/2018,32.540001,32.814999,32.294998,32.630001,32.562645,16969000
7/16/2018,32.654999,32.830002,32.240002,32.41,32.343102,13890000
7/17/2018,31.4,33.200001,31.389999,33.009998,32.94186,18898400
7/18/2018,33,33.095001,32.5,32.799999,32.732292,11634400
7/19/2018,32.48,32.779999,32.189999,32.314999,32.248291,19218600
7/20/2018,32.580002,32.915001,32.165001,32.27,32.203388,14349000
7/23/2018,31.985001,32.615002,31.6,32.549999,32.482807,15756800
7/24/2018,33.575001,33.924999,32.575001,32.965,32.89695,23766600
7/25/2018,33.009998,34.404999,32.985001,34.34,34.269112,19310400
7/26/2018,32.959999,33.27,32.654999,32.84,32.772213,27972000
7/27/2018,33.419998,33.450001,30.889999,31.469999,31.405037,29524600
7/30/2018,31.475,31.504999,29.66,30.115,30.052834,25201400
7/31/2018,30.434999,31.145,29.955,30.715,30.651598,23928000
8/1/2018,31,31.415001,30.620001,31.135,31.07073,17325400
8/2/2018,30.450001,32.5,30.42,32.375,32.30817,23060600
8/3/2018,32.544998,32.695,32.150002,32.665001,32.597569,18033400
8/6/2018,32.625,33.285,32.494999,33.264999,33.196331,17017000
8/7/2018,33.525002,33.799999,33.325001,33.59,33.52066,17992600
8/8/2018,33.48,33.924999,33.200001,33.68,33.610477,15858600
8/9/2018,33.650002,34.049999,33.509998,33.650002,33.580536,13632600
8/10/2018,32.98,33.275002,32.509998,32.865002,32.797161,21406600
8/13/2018,33.044998,33.685001,32.724998,32.77,32.702354,23168600
8/14/2018,33.130001,33.494999,32.615002,33.375,33.306103,15181800
8/15/2018,32.619999,32.900002,31.540001,32.16,32.093613,28964400
8/16/2018,32.869999,33.075001,32.264999,32.455002,32.388004,16285600
8/17/2018,32.195,32.709999,31.605,32.450001,32.383015,17565600
8/20/2018,32.685001,32.715,32,32.384998,32.318146,16865400
8/21/2018,32.669998,33.310001,32.605,32.720001,32.652458,16767400
8/22/2018,32.5,33.209999,32.395,33.099998,33.03167,15828400
8/23/2018,32.935001,33.630001,32.785,32.935001,32.867016,17783400
8/24/2018,33.285,33.935001,33.25,33.849998,33.780125,15989200
8/27/2018,34.395,34.875,34.209999,34.869999,34.798019,18212800
8/28/2018,35.16,35.285,34.82,35.025002,34.952702,16306200
8/29/2018,35.205002,36.299999,35.174999,36.25,36.175171,16433800
8/30/2018,36.029999,36.68,35.674999,36.044998,35.970592,21965800
8/31/2018,35.91,36.474998,35.785,36.150002,36.075375,15795000
9/4/2018,35.834999,36.014999,35.115002,35.720001,35.646263,20052400
9/5/2018,35.5,35.514999,33.959999,34.299999,34.229195,26932400
9/6/2018,34.360001,34.465,32.689999,33.365002,33.296127,28876200
9/7/2018,32.68,33.845001,32.610001,33.035,32.966808,19252400
9/10/2018,33.544998,33.610001,32.764999,33.325001,33.25621,13862200
9/11/2018,32.884998,34.240002,32.650002,34.064999,33.994682,17630600
9/12/2018,33.924999,33.994999,32.895,33.77,33.700291,22065400
9/13/2018,34.349998,35.009998,34.334999,34.77,34.698223,18669000
9/14/2018,34.895,35.07,34.105,34.505001,34.433773,19172000
9/17/2018,34.310001,34.415001,32.93,33.049999,32.981773,18205800
9/18/2018,33.119999,34.325001,33.07,33.834999,33.765156,18189600
9/19/2018,33.849998,34.09,33.095001,33.759998,33.690308,14740600
9/20/2018,34.41,34.990002,34.18,34.82,34.748123,15670800
9/21/2018,35.130001,35.290001,34.154999,34.264999,34.194267,15070400
9/24/2018,33.555,34.595001,33.119999,34.560001,34.488663,13218800
9/25/2018,34.494999,34.764999,34.154999,34.700001,34.628372,10814800
9/26/2018,34.73,35.735001,34.555,34.665001,34.593441,17730000
9/27/2018,35.18,35.990002,35.115002,35.625,35.55146,14631400
9/28/2018,35.32,35.875,35.139999,35.57,35.496571,15464400
10/1/2018,36.25,36.584999,35.540001,35.775002,35.701153,17058000
10/2/2018,35.68,36.380001,35.32,35.57,35.496571,16196800
10/3/2018,36.005001,36.25,35.514999,35.674999,35.601353,16642400
10/4/2018,35.25,35.290001,32.849998,33.639999,33.570557,37722400
10/5/2018,33.599998,33.915001,31.41,32.375,32.30817,33231000
10/8/2018,31.92,32.625,30.620001,31.795,31.729366,29838400
10/9/2018,31.834999,32.799999,31.594999,32.040001,31.973864,26072400
10/10/2018,31.495001,31.530001,27.719999,27.885,27.827438,60714000
10/11/2018,27.504999,28.625,25.915001,26.754999,26.69977,55608000
10/12/2018,28.889999,29.26,27.4,29.014999,28.955105,42122000
10/15/2018,28.73,28.855,27.625,27.92,27.862366,39933800
10/16/2018,28.82,30.584999,28.674999,30.325001,30.262402,31116600
10/17/2018,30.84,30.889999,29.475,30.424999,30.362196,32530200
10/18/2018,30.030001,30.065001,27.905001,28.315001,28.25655,39087200
10/19/2018,28.895,29.695,27.895,28.200001,28.141788,33709200
10/22/2018,28.705,29.290001,27.985001,28.625,28.565912,28731600
10/23/2018,27.094999,28.74,26.115,28.309999,28.251558,44195400
10/24/2018,28.205,28.35,24.34,24.459999,24.409508,51210600
10/25/2018,25.545,27.385,25.215,26.969999,26.914326,38018400
10/26/2018,24.200001,26.415001,23.74,24.875,24.82365,61190400
10/29/2018,25.99,26.299999,21.92,23.545,23.496397,54490400
10/30/2018,23.120001,24.525,22.785,24.455,24.404518,46216400
10/31/2018,25.625,26.83,25.625,26.105,26.051111,45039400
11/1/2018,26.334999,27.309999,25.719999,27.245001,27.188759,31516600
11/2/2018,26.975,27.465,25.4,26.025,25.971275,43589400
11/5/2018,26.040001,26.07,24.879999,25.77,25.716805,25650200
11/6/2018,25.705,26.764999,25.635,26.315001,26.260679,27865400
11/7/2018,27.254999,28.780001,27.084999,28.735001,28.675684,34638000
11/8/2018,28.395,28.66,27.83,28.245001,28.186695,29381200
11/9/2018,27.459999,27.639999,26.145,26.809999,26.754658,34184800
11/12/2018,26.25,26.395,24.295,24.455,24.404518,38591800
11/13/2018,24.735001,25.75,24.219999,24.445,24.394539,38613600
11/14/2018,25.139999,25.41,23.440001,23.825001,23.77582,39031000
11/15/2018,23.695,25.305,23.105,25.1,25.048187,42454200
11/16/2018,24.379999,25.200001,24.059999,24.825001,24.773756,33581200
11/19/2018,24.459999,24.575001,22.200001,22.445,22.398666,46623000
11/20/2018,20.860001,22.120001,20.35,21.200001,21.156239,50747800
11/21/2018,22.014999,22.309999,21.559999,21.674999,21.630257,28778800
11/23/2018,21.139999,21.860001,21.125,21.195,21.151247,14220000
11/26/2018,22.09,22.690001,21.809999,22.65,22.603243,29991200
11/27/2018,22.309999,23.059999,21.945,22.885,22.837759,30040800
11/28/2018,23.4,25.08,23,25.055,25.003281,48766200
11/29/2018,24.76,25.334999,24.24,24.825001,24.773756,32261200
11/30/2018,24.92,25.42,24.565001,25.344999,25.292681,29158800
12/3/2018,27.040001,27.15,26.125,26.645,26.589998,37335800
12/4/2018,26.275,26.495001,23.535,23.715,23.666044,52524000
12/6/2018,22.205,24.110001,21.915001,24.059999,24.010332,49039000
12/7/2018,23.799999,24.209999,21.5,21.705,21.660194,55746800
12/10/2018,21.58,22.68,20.91,22.385,22.338791,44117200
12/11/2018,23.465,23.5,22.045,22.625,22.578297,43040800
12/12/2018,23.610001,24.264999,23.184999,23.195,23.14712,42362800
12/13/2018,23.65,23.945,22.76,23.200001,23.152111,41181200
12/14/2018,22.445,22.665001,21.355,21.450001,21.405724,39044400
12/17/2018,21.235001,21.745001,19.545,20.065001,20.023581,50148200
12/18/2018,20.540001,21.004999,19.885,20.4,20.357889,39473400
12/19/2018,20.355,21.295,18.440001,18.924999,18.885933,76965600
12/20/2018,18.735001,19.389999,17.365,18.165001,18.127504,80204600
12/21/2018,18.325001,18.705,16.105,16.41,16.376125,92258600
12/24/2018,16,16.645,15.16,15.195,15.163633,43900200
12/26/2018,15.65,17.969999,15.32,17.93,17.917162,94558800
12/27/2018,17.299999,18.200001,16.059999,18.184999,18.171976,85458600
12/28/2018,18.5,19.055,17.684999,18.110001,18.097033,76210600
12/31/2018,18.68,18.84,18.025,18.52,18.506739,54241600
1/2/2019,17.389999,19.115,17.365,18.785,18.771549,67916400
1/3/2019,17.99,18.205,16.815001,16.965,16.952852,82627600
1/4/2019,17.775,19.379999,17.584999,19.135,19.121298,68241000
1/7/2019,19.235001,20.075001,19.065001,19.745001,19.730862,53276600
1/8/2019,20.344999,20.555,19.450001,20.315001,20.300453,52905600
1/9/2019,20.559999,21.084999,20.299999,20.795,20.780109,44524600
1/10/2019,20.32,21.014999,19.98,20.995001,20.979967,43782800
1/11/2019,20.620001,20.815001,20.405001,20.745001,20.730145,30201200
1/14/2019,20.215,20.469999,19.93,20.205,20.190533,27845800
1/15/2019,20.469999,21.459999,20.43,21.325001,21.309731,36281400
1/16/2019,21.485001,21.93,21.34,21.355,21.339708,33973200
1/17/2019,21.15,22.135,21.030001,21.855,21.83935,35510000
1/18/2019,22.360001,22.805,21.924999,22.455,22.438921,41727200
1/22/2019,22.004999,22.040001,20.66,21.215,21.199808,45433600
1/23/2019,21.475,21.75,20.51,21.235001,21.219793,41523400
1/24/2019,21.41,21.709999,21.17,21.610001,21.594526,32028800
1/25/2019,22.129999,22.584999,21.91,22.379999,22.363974,34878400
1/28/2019,21.504999,21.555,21.004999,21.555,21.539566,35089800
1/29/2019,21.594999,21.605,20.715,20.945,20.93,30632600
1/30/2019,21.65,22.76,21.445,22.514999,22.498877,43956000
1/31/2019,22.91,23.860001,22.84,23.504999,23.488167,40143800
2/1/2019,23.17,23.709999,23.030001,23.205,23.188383,35390400
2/4/2019,23.235001,24.08,23.17,24.055,24.037775,27744200
2/5/2019,24.184999,24.799999,24.15,24.690001,24.672319,32229200
2/6/2019,24.74,24.865,24.16,24.495001,24.477459,36355000
2/7/2019,23.834999,24.014999,22.945,23.495001,23.478176,52448400
2/8/2019,22.855,23.625,22.799999,23.615,23.598089,36180600
2/11/2019,23.885,24.055,23.379999,23.559999,23.543129,30299200
2/12/2019,24.065001,24.695,23.945,24.58,24.562399,32056600
2/13/2019,24.93,25.139999,24.559999,24.629999,24.612362,31902400
2/14/2019,24.35,24.975,24.110001,24.719999,24.702299,38342400
2/15/2019,25.254999,25.26,24.68,25.014999,24.997087,35624000
2/19/2019,24.780001,25.395,24.780001,25.165001,25.14698,25893200
2/20/2019,25.225,25.514999,24.745001,25.145,25.126995,42766400
2/21/2019,24.934999,25.145,24.465,24.860001,24.842197,32123400
2/22/2019,25.030001,25.459999,24.985001,25.4,25.381811,29909400
2/25/2019,26.004999,26.190001,25.629999,25.68,25.661612,31025600
2/26/2019,25.48,26,25.360001,25.76,25.741554,26339200
2/27/2019,25.415001,25.790001,24.895,25.68,25.661612,28961000
2/28/2019,25.455,25.790001,25.299999,25.52,25.501726,23015800
3/1/2019,26.059999,26.145,25.51,26.030001,26.011362,35039200
3/4/2019,26.485001,26.665001,25.174999,26.035,26.016357,53272000
3/5/2019,26.09,26.34,25.709999,26.1,26.08131,25087200
3/6/2019,26.165001,26.190001,25.530001,25.65,25.631634,30867200
3/7/2019,25.440001,25.469999,24.415001,24.715,24.697302,42326600
3/8/2019,23.870001,24.610001,23.780001,24.575001,24.557402,43734200
3/11/2019,24.865,26.155001,24.865,26.110001,26.091303,32117000
3/12/2019,26.315001,26.735001,26.125,26.535,26.515999,37901600
3/13/2019,26.934999,27.545,26.83,27.110001,27.090588,36282400
3/14/2019,27.16,27.26,26.950001,26.99,26.970675,23860800
3/15/2019,27.305,27.969999,27.23,27.66,27.640194,34711400
3/18/2019,27.684999,28.17,27.52,27.91,27.890013,37248600
3/19/2019,28.27,28.639999,27.844999,28.190001,28.169813,41095200
3/20/2019,28.174999,29.025,27.795,28.504999,28.494694,45880600
3/21/2019,28.24,29.950001,28.225,29.825001,29.814219,37989400
3/22/2019,29.434999,29.674999,27.77,27.875,27.864923,66900400
3/25/2019,27.530001,27.985001,27.09,27.700001,27.689987,52592400
3/26/2019,28.344999,28.84,27.655001,28.08,28.069849,43968000
3/27/2019,28.195,28.389999,26.924999,27.530001,27.520048,44202600
3/28/2019,27.735001,28.014999,27.215,27.705,27.694984,32109400
3/29/2019,28.315001,28.41,27.84,28.33,28.319759,31745000
4/1/2019,29.15,29.549999,28.85,29.445,29.434355,30591200
4/2/2019,29.545,29.860001,29.315001,29.77,29.759239,26682200
4/3/2019,30.27,30.844999,30.004999,30.285,30.274052,37846000
4/4/2019,30.290001,30.639999,29.715,30.24,30.229069,35905200
4/5/2019,30.530001,30.75,30.389999,30.695,30.683903,26163600
4/8/2019,30.540001,30.995001,30.18,30.934999,30.923817,25865000
4/9/2019,30.620001,30.915001,30.4,30.594999,30.583939,26030400
4/10/2019,30.73,31.110001,30.615,31.09,31.07876,24811000
4/11/2019,31.205,31.215,30.68,30.855,30.843845,27942600
4/12/2019,31.25,31.299999,30.865,31.235001,31.223709,23807000
4/15/2019,31.235001,31.360001,30.629999,31.26,31.248699,20842400
4/16/2019,31.575001,31.775,31.295,31.565001,31.553589,23571800
4/17/2019,32.18,32.279999,31.605,31.879999,31.868475,28605600
4/18/2019,32.040001,32.055,31.434999,31.98,31.968439,22975800
4/22/2019,31.575001,32.294998,31.5,32.25,32.238342,18939200
4/23/2019,32.505001,33.599998,32.365002,33.474998,33.462898,26238600
4/24/2019,33.549999,33.689999,33.134998,33.150002,33.13802,23768800
4/25/2019,33.884998,33.924999,33.014999,33.52,33.507881,29922600
4/26/2019,33.404999,33.650002,32.549999,33.639999,33.627838,27629200
4/29/2019,33.630001,33.985001,33.470001,33.82,33.807774,20949400
4/30/2019,33,33.205002,32.334999,33.044998,33.033051,31898800
5/1/2019,33.66,33.955002,32.630001,32.665001,32.653191,31479000
5/2/2019,32.674999,33.165001,31.625,32.264999,32.253334,35322200
5/3/2019,33.07,33.875,32.895,33.785,33.772785,27222400
5/6/2019,31.655001,33.310001,31.48,33.18,33.168007,40428800
5/7/2019,32.105,32.509998,30.32,31.25,31.238703,59382400
5/8/2019,30.934999,31.695,30.594999,30.975,30.963802,40309400
5/9/2019,29.98,30.795,29.135,30.485001,30.47398,55104400
5/10/2019,30.120001,31.014999,28.620001,30.57,30.558949,56964600
5/13/2019,28.24,28.715,27.135,27.41,27.400091,58730200
5/14/2019,27.809999,28.790001,27.514999,28.27,28.259781,35048000
5/15/2019,27.73,29.695,27.695,29.445,29.434355,44040000
5/16/2019,29.5,30.91,29.405001,30.365,30.354023,43506600
5/17/2019,29.445,30.67,29.334999,29.42,29.409365,45627600
5/20/2019,28.190001,28.514999,27.625,27.945,27.934898,46092200
5/21/2019,28.635,29.02,28.365,28.785,28.774593,28621800
5/22/2019,28.290001,28.889999,28.280001,28.41,28.399729,32228200
5/23/2019,27.43,27.440001,26.555,27.07,27.060213,51920200
5/24/2019,27.535,27.799999,26.940001,27.030001,27.020229,34306400
5/28/2019,27.27,27.705,26.715,26.74,26.730333,29225800
5/29/2019,26.245001,26.5,25.629999,26.07,26.060575,44480400
5/30/2019,26.264999,26.59,25.92,26.379999,26.370462,34107000
5/31/2019,25.434999,25.705,25.07,25.110001,25.100924,35150200
6/3/2019,24.91,25.1,23.065001,23.504999,23.496502,60453200
6/4/2019,24.200001,25.440001,23.955,25.41,25.400814,40967400
6/5/2019,26.145,26.16,25.184999,25.969999,25.960611,38079200
6/6/2019,26.1,26.775,25.754999,26.57,26.560394,25075600
6/7/2019,27,28.459999,26.91,28.084999,28.074846,37887000
6/10/2019,28.68,29.91,28.68,29.110001,29.099478,45818000
6/11/2019,30.030001,30.184999,28.924999,29.219999,29.209436,34361800
6/12/2019,28.965,29.15,28.549999,28.725,28.714617,27544000
6/13/2019,29.065001,29.415001,28.889999,29.195,29.184446,24639800
6/14/2019,28.735001,29.049999,28.495001,28.815001,28.804585,19286200
6/17/2019,28.995001,29.584999,28.92,29.34,29.329393,18762600
6/18/2019,30.375,31.245001,30.155001,30.610001,30.598934,35457400
6/19/2019,30.764999,31.18,30.200001,30.969999,30.958803,34244800
6/20/2019,32.244999,32.264999,31.115,31.82,31.808496,29838800
6/21/2019,31.655001,32.27,31.475,31.674999,31.663549,26161600
6/24/2019,31.844999,31.945,31.605,31.665001,31.653553,17234600
6/25/2019,31.59,31.639999,29.889999,30.045,30.03414,34905800
6/26/2019,30.610001,31.190001,30.299999,30.424999,30.414001,23528800
6/27/2019,30.754999,30.995001,30.525,30.754999,30.743881,18817600
6/28/2019,30.99,31.094999,30.555,30.885,30.873835,24733200
7/1/2019,32.650002,32.775002,31.695,32.115002,32.103394,36205200
7/2/2019,32.080002,32.505001,31.82,32.505001,32.493252,20312200
7/3/2019,32.709999,33.224998,32.630001,33.224998,33.212986,16781800
7/5/2019,32.544998,33.195,32.154999,33.009998,32.998066,29211200
7/8/2019,32.395,32.400002,31.91,32.314999,32.303318,26446800
7/9/2019,31.834999,32.91,31.764999,32.799999,32.788143,22148800
7/10/2019,33.400002,34.044998,33.200001,33.77,33.757793,38527400
7/11/2019,33.935001,34.150002,33.355,33.68,33.667824,31962400
7/12/2019,33.775002,34.255001,33.689999,34.244999,34.23262,22298200
7/15/2019,34.48,34.595001,34.205002,34.535,34.522514,18348600
7/16/2019,34.424999,34.540001,33.720001,34.044998,34.032692,27998000
7/17/2019,34.060001,34.215,33.52,33.540001,33.527878,23127000
7/18/2019,33.044998,33.830002,32.715,33.685001,33.672825,33892000
7/19/2019,34.349998,34.349998,32.785,32.869999,32.858116,35194800
7/22/2019,33.119999,33.865002,33.110001,33.645,33.632839,23876600
7/23/2019,34.205002,34.310001,33.52,34.294998,34.2826,29012400
7/24/2019,33.919998,35.025002,33.900002,35.025002,35.012341,27311200
7/25/2019,34.669998,34.674999,33.82,34.025002,34.012703,37518800
7/26/2019,34.650002,35.195,34.610001,35.035,35.022335,27869600
7/29/2019,34.98,34.98,34.035,34.709999,34.697453,28318800
7/30/2019,33.91,34.639999,33.830002,34.244999,34.23262,27876000
7/31/2019,34.514999,34.575001,31.85,32.799999,32.788143,49085200
8/1/2019,32.98,34.799999,31.82,32.34,32.328308,74596200
8/2/2019,31.6,31.715,30.299999,30.860001,30.848845,61730000
8/5/2019,28.969999,28.969999,26.84,27.620001,27.610016,75621200
8/6/2019,28.360001,28.99,27.75,28.754999,28.744604,53385200
8/7/2019,27.805,29.315001,27.15,29.174999,29.164452,76977200
8/8/2019,29.620001,31.115,29.344999,31.105,31.093756,54764000
8/9/2019,30.629999,30.959999,29.485001,30.184999,30.174088,55341600
8/12/2019,29.639999,29.915001,28.76,29.174999,29.164452,53327800
8/13/2019,29.120001,31.695,29,31.09,31.07876,59814800
8/14/2019,29.575001,29.870001,28.129999,28.305,28.294767,76232600
8/15/2019,28.450001,28.66,27.535,28.184999,28.17481,52234800
8/16/2019,28.889999,29.745001,28.889999,29.485001,29.474342,41101400
8/19/2019,30.735001,31.120001,30.485001,30.865,30.853842,30011000
8/20/2019,30.705,31.025,30.205,30.23,30.21907,31316000
8/21/2019,31.014999,31.295,30.684999,31,30.988794,25370400
8/22/2019,31.18,31.395,29.965,30.700001,30.688902,38157400
8/23/2019,30.065001,30.9,27.540001,27.889999,27.879917,75587600
8/26/2019,28.745001,29.030001,28.23,29.02,29.00951,36646400
8/27/2019,29.625,29.780001,28.5,28.844999,28.834572,38644800
8/28/2019,28.555,29.285,28.125,29.135,29.124468,31956200
8/29/2019,30.209999,30.715,29.870001,30.459999,30.448988,35380800
8/30/2019,30.959999,30.965,29.73,30.245001,30.234068,34025800
9/3/2019,29.645,30.09,29.055,29.365,29.354383,32196400
9/4/2019,30.190001,30.684999,29.959999,30.6,30.588938,25116200
9/5/2019,31.610001,32.555,31.559999,32.290001,32.278328,31686000
9/6/2019,32.424999,32.48,31.98,32.200001,32.188362,28759600
9/9/2019,32.485001,32.535,31.485001,31.995001,31.983435,28078200
9/10/2019,31.469999,31.74,30.84,31.73,31.718529,34191400
9/11/2019,31.875,32.645,31.665001,32.584999,32.573219,27850200
9/12/2019,33.189999,33.740002,32.845001,32.990002,32.978077,34982800
9/13/2019,32.849998,33.07,32.5,32.639999,32.628201,26902600
9/16/2019,31.995001,32.389999,31.9,32.189999,32.17836,24281000
9/17/2019,32.18,32.645,31.99,32.615002,32.60321,22699000
9/18/2019,32.43,32.634998,31.375,32.595001,32.583218,35515800
9/19/2019,32.764999,33.345001,32.549999,32.740002,32.728165,33192600
9/20/2019,32.880001,32.974998,31.370001,31.709999,31.698536,30878200
9/23/2019,31.639999,32.02,31.35,31.74,31.728525,22352400
9/24/2019,32.174999,32.369999,30.07,30.485001,30.47398,50941400
9/25/2019,30.379999,31.719999,29.615,31.459999,31.448626,38076000
9/26/2019,31.365,31.43,30.43,31.145,31.133741,34053600
9/27/2019,31.275,31.325001,29.33,30.014999,30.004148,47123000
9/30/2019,30.299999,30.959999,30.139999,30.815001,30.803862,29275800
10/1/2019,31.16,31.674999,29.91,30.07,30.05913,39613600
10/2/2019,29.465,29.465,28.01,28.530001,28.519688,67706000
10/3/2019,28.51,29.485001,27.455,29.469999,29.459347,60130400
10/4/2019,29.855,30.84,29.795,30.709999,30.698896,42244400
10/7/2019,30.43,31.165001,30.27,30.424999,30.414001,40632600
10/8/2019,29.82,30.24,29,29.040001,29.029503,58851400
10/9/2019,29.799999,30.305,29.530001,29.92,29.909184,38067400
10/10/2019,29.924999,30.934999,29.84,30.575001,30.563948,44059800
10/11/2019,31.610001,32.5,31.57,31.719999,31.708532,55627400
10/14/2019,31.625,32.055,31.530001,31.754999,31.743519,22873400
10/15/2019,32.040001,33.174999,31.985001,32.959999,32.948086,35180400
10/16/2019,32.610001,32.955002,32.395,32.715,32.703175,29298400
10/17/2019,33.279999,33.43,32.57,32.939999,32.928089,30459800
10/18/2019,32.810001,33.014999,31.495001,31.995001,31.983435,38611000
10/21/2019,32.514999,32.91,32.215,32.84,32.828129,23544000
10/22/2019,33.18,33.365002,32.040001,32.080002,32.068405,31255800
10/23/2019,31.855,32.255001,31.700001,32.23,32.218349,24226400
10/24/2019,32.935001,33.220001,32.485001,33.154999,33.143013,30621200
10/25/2019,32.645,33.994999,32.625,33.91,33.897739,32294400
10/28/2019,34.43,35.084999,34.43,34.945,34.932365,27899000
10/29/2019,34.775002,34.924999,34.115002,34.139999,34.127659,26757000
10/30/2019,34.32,34.790001,33.735001,34.619999,34.607483,29746200
10/31/2019,34.884998,34.959999,34.055,34.645,34.632477,30824000
11/1/2019,35.105,35.595001,34.945,35.584999,35.572136,28763200
11/4/2019,36.305,36.485001,36.060001,36.220001,36.206909,24981600
11/5/2019,36.384998,36.490002,35.945,36.264999,36.251888,25807400
11/6/2019,36.174999,36.189999,35.525002,36.035,36.021973,28832400
11/7/2019,36.605,37.099998,36.084999,36.400002,36.386845,31429800
11/8/2019,36.185001,36.845001,35.915001,36.830002,36.816689,20401800
11/11/2019,36.285,36.73,36.125,36.674999,36.661739,19023200
11/12/2019,36.759998,37.360001,36.599998,36.974998,36.961632,32173000
11/13/2019,36.615002,37.115002,36.529999,36.919998,36.906651,27939600
11/14/2019,36.595001,36.985001,36.255001,36.91,36.896656,26662800
11/15/2019,37.555,37.669998,37.23,37.605,37.591404,22646600
11/18/2019,37.555,37.990002,37.09,37.799999,37.786335,24174000
11/19/2019,38.235001,38.235001,37.544998,37.955002,37.94128,28030000
11/20/2019,37.674999,38.014999,36.41,37.290001,37.27652,37595000
11/21/2019,37.16,37.224998,36.674999,37,36.986626,22664800
11/22/2019,37.279999,37.355,36.485001,37.099998,37.086586,20917000
11/25/2019,37.560001,38.41,37.549999,38.384998,38.37112,20019600
11/26/2019,38.455002,38.755001,38.299999,38.615002,38.601044,20922600
11/27/2019,38.889999,39.41,38.759998,39.395,39.38076,20389200
11/29/2019,39.105,39.285,38.799999,38.869999,38.855946,13449000
12/2/2019,38.869999,38.895,37.014999,37.619999,37.6064,37953800
12/3/2019,36.150002,36.814999,35.555,36.775002,36.761707,39013000
12/4/2019,37.345001,37.584999,37.169998,37.32,37.306507,21914800
12/5/2019,37.709999,37.715,36.985001,37.514999,37.501438,22270200
12/6/2019,38.34,38.810001,38.27,38.674999,38.661018,23235400
12/9/2019,38.544998,39.064999,38.16,38.200001,38.186192,19482200
12/10/2019,38.224998,38.639999,37.84,38.115002,38.101223,28012000
12/11/2019,38.34,38.814999,38.18,38.689999,38.676014,22649000
12/12/2019,38.564999,40,38.41,39.575001,39.560696,45791000
12/13/2019,39.48,40.360001,39.23,39.93,39.915565,40249000
12/16/2019,40.709999,41.285,40.68,41.075001,41.060154,24847000
12/17/2019,41.285,41.395,41,41.130001,41.115131,21137200
12/18/2019,41.325001,41.639999,41.169998,41.224998,41.210094,17852000
12/19/2019,41.330002,42.09,41.330002,42.064999,42.049793,20846200
12/20/2019,42.615002,42.759998,42.299999,42.564999,42.54961,24887000
12/23/2019,43.009998,43.09,42.785,42.880001,42.864498,18106800
12/24/2019,42.974998,43.035,42.625,42.919998,42.919998,9974600
12/26/2019,43.115002,44.055,43.115002,44.035,44.035,16064600
12/27/2019,44.505001,44.529999,43.575001,43.904999,43.904999,24937600
12/30/2019,43.865002,43.93,42.400002,43.029999,43.029999,28226400
12/31/2019,42.650002,43.380001,42.43,43.275002,43.275002,21095000
1/2/2020,44.355,45.419998,44.110001,45.419998,45.419998,32768000
1/3/2020,43.645,45,43.619999,44.185001,44.185001,36295000
1/6/2020,43.134998,45.040001,42.974998,45.025002,45.025002,32023800
1/7/2020,45.07,45.389999,44.580002,44.970001,44.970001,26924800
1/8/2020,44.98,46.639999,44.764999,46.005001,46.005001,39791200
1/9/2020,47.115002,47.43,46.360001,47.165001,47.165001,36355800
1/10/2020,47.695,47.735001,46.564999,46.779999,46.779999,34401000
1/13/2020,47.365002,48.439999,47.154999,48.415001,48.415001,29139600
1/14/2020,48.290001,48.575001,47.610001,47.849998,47.849998,36434400
1/15/2020,47.889999,48.564999,47.41,47.880001,47.880001,33250800
1/16/2020,48.555,49.244999,48.264999,49.215,49.215,30275200
1/17/2020,49.855,50.07,49.130001,49.950001,49.950001,36100600
1/21/2020,49.514999,50.255001,49.48,49.924999,49.924999,34720600
1/22/2020,50.615002,51.145,50.09,50.264999,50.264999,34037200
1/23/2020,50.165001,50.794998,49.485001,50.73,50.73,35897200
1/24/2020,51.450001,51.605,48.755001,49.415001,49.415001,59843600
1/27/2020,46.125,47.174999,45.09,46.360001,46.360001,49656600
1/28/2020,47.325001,48.834999,46.990002,48.514999,48.514999,42965600
1/29/2020,49.314999,49.48,48.09,48.689999,48.689999,34469400
1/30/2020,47.799999,49.299999,47.325001,49.240002,49.240002,50062400
1/31/2020,49.84,49.875,46.375,46.82,46.82,55096000
2/3/2020,47.555,49.330002,47.465,48.970001,48.970001,43546200
2/4/2020,51,52.625,50.509998,52.314999,52.314999,35062200
2/5/2020,54.279999,54.290001,51.945,52.919998,52.919998,43653000
2/6/2020,53.255001,54.27,52.705002,54.209999,54.209999,28283200
2/7/2020,53.490002,54.404999,53.060001,53.509998,53.509998,38513000
2/10/2020,52.990002,55.455002,52.950001,55.439999,55.439999,30812200
2/11/2020,56.349998,56.935001,55.040001,55.48,55.48,48442600
2/12/2020,56.445,57.174999,56.049999,57.105,57.105,30402000
2/13/2020,55.895,57.549999,55.689999,56.884998,56.884998,38820600
2/14/2020,57.110001,57.494999,56.540001,57.27,57.27,28492400
2/18/2020,56.459999,57.715,56.294998,57.369999,57.369999,32541800
2/19/2020,58.404999,59.400002,58.200001,59.029999,59.029999,26406800
2/20/2020,58.650002,58.990002,55.195,57.349998,57.349998,56914400
2/21/2020,56.529999,56.790001,53.365002,54.07,54.07,51776800
2/24/2020,48.139999,49.790001,46.814999,47.84,47.84,67418600
2/25/2020,48.965,49.455002,43.470001,43.970001,43.970001,75198400
2/26/2020,44.639999,46.865002,43.575001,44.575001,44.575001,83934000
2/27/2020,41.150002,43.205002,37.790001,37.91,37.91,106279000
2/28/2020,34.205002,38.715,33.75,38.5,38.5,123837000
3/2/2020,39.634998,43.869999,37.985001,43.755001,43.755001,90879600
3/3/2020,44.185001,45.75,38.439999,39.634998,39.634998,137031600
3/4/2020,41.77,44.575001,40.650002,44.445,44.445,78956800
3/5/2020,41.119999,43.380001,39.544998,40.544998,40.544998,96743000
3/6/2020,36.365002,39.040001,35.5,38.419998,38.419998,98379800
3/9/2020,30.764999,34.575001,30.5,30.615,30.615,101741200
3/10/2020,33.990002,35.465,30.5,35.380001,35.380001,114063200
3/11/2020,32.889999,33.615002,29.5,30.83,30.83,107732000
3/12/2020,24.75,28.75,22.200001,22.379999,22.379999,154556400
3/13/2020,26.120001,28.655001,22.530001,28.42,28.42,139072600
3/16/2020,20.23,24.299999,18.495001,18.625,18.625,164572600
3/17/2020,19.690001,22.57,17.875,21.66,21.66,190505200
3/18/2020,18.15,20.75,16.365,19.655001,19.655001,212249800
3/19/2020,19.424999,22.040001,18,20.110001,20.110001,201202200
3/20/2020,21.495001,21.9,17.549999,17.754999,17.754999,195563800
3/23/2020,17.965,19,16.135,17.809999,17.809999,205018400
3/24/2020,20.615,21.870001,20.065001,21.780001,21.780001,207456000
3/25/2020,22.1,23.92,20.540001,21.275,21.275,208718600
3/26/2020,21.915001,25,21.834999,24.74,24.74,162310000
3/27/2020,22.815001,24.165001,21.895,22.17,22.17,139285800
3/30/2020,22.790001,24.690001,22.5,24.5,24.5,104155400
3/31/2020,24.305,25.764999,23.43,23.82,23.82,182976000
4/1/2020,21.799999,22.860001,20.309999,20.865,20.865,133897400
4/2/2020,20.6,22.17,20.385,22.1,22.1,116882800
4/3/2020,21.93,22.49,20.43,21.209999,21.209999,138621000
4/6/2020,23.555,26.094999,23.18,25.65,25.65,129654200
4/7/2020,27.950001,28.145,25.5,25.6,25.6,164502400
4/8/2020,26.344999,27.5,25.639999,27.235001,27.235001,129545000
4/9/2020,27.965,28.360001,26.635,27.334999,27.334999,138324400
4/13/2020,27,28.440001,26.535,28.285,28.285,106740400
4/14/2020,30.025,32.200001,29.695,31.955,31.955,122512400
4/15/2020,30.455,31.695,29.83,30.895,30.895,107922000
4/16/2020,31.905001,33.035,30.975,32.549999,32.549999,140730000
4/17/2020,33.834999,34.049999,32.014999,33.365002,33.365002,115891200
4/20/2020,32.595001,33.755001,32.23,32.285,32.285,96749600
4/21/2020,31.33,31.565001,28.155001,28.715,28.715,129872400
4/22/2020,30.514999,31.83,30.155001,31.254999,31.254999,68973000
4/23/2020,31.615,32.794998,30.860001,31.049999,31.049999,106217000
4/24/2020,31.27,32.700001,30.605,32.549999,32.549999,79591800
4/27/2020,33.59,33.794998,32.82,33.185001,33.185001,76185400
4/28/2020,34.110001,34.115002,31.305,31.389999,31.389999,96561800
4/29/2020,33.525002,35.185001,33.044998,34.654999,34.654999,86526000
4/30/2020,35.205002,35.235001,33.974998,34.884998,34.884998,95136200
5/1/2020,32.66,33.654999,31.25,31.754999,31.754999,86561400
5/4/2020,31.27,32.965,31.035,32.875,32.875,50189000
5/5/2020,33.865002,35.110001,33.605,33.924999,33.924999,72178600
5/6/2020,34.77,35.564999,34.195,34.595001,34.595001,77970200
5/7/2020,35.915001,36.375,35.285,35.945,35.945,72372400
5/8/2020,36.775002,37.474998,36.259998,37.395,37.395,65709200
5/11/2020,36.735001,38.950001,36.625,38.325001,38.325001,67346000
5/12/2020,38.735001,39.064999,36.014999,36.044998,36.044998,84840800
5/13/2020,36.294998,37.224998,33.380001,34.68,34.68,122779800
5/14/2020,34.02,35.845001,33.055,35.830002,35.830002,100749800
5/15/2020,34.355,36.549999,34.145,36.445,36.445,89451600
5/18/2020,38,39.099998,37.610001,38.555,38.555,74407800
5/19/2020,38.689999,39.785,38.200001,38.259998,38.259998,65357600
5/20/2020,39.605,40.755001,39.605,40.5,40.5,71354000
5/21/2020,40.619999,40.959999,38.965,39.255001,39.255001,80673400
5/22/2020,39.044998,39.744999,38.525002,39.610001,39.610001,52416200
5/26/2020,41.525002,41.66,39.189999,39.445,39.445,61300600
5/27/2020,39.055,40.02,36.689999,40,40,86822800
5/28/2020,39.299999,41.605,39.275002,39.744999,39.744999,75998200
5/29/2020,40.02,41.66,39.16,41.384998,41.384998,89736800
6/1/2020,41.029999,42.119999,40.814999,41.895,41.895,52470400
6/2/2020,42.119999,42.775002,40.82,42.73,42.73,62678600
6/3/2020,43.075001,43.744999,42.605,43.310001,43.310001,53758400
6/4/2020,43.115002,43.939999,41.68,42.43,42.43,66602200
6/5/2020,42.950001,45.264999,42.75,44.945,44.945,70348600
6/8/2020,44.794998,46.040001,43.950001,45.945,45.945,54636200
6/9/2020,45.445,47.490002,45.369999,46.970001,46.970001,53294800
6/10/2020,47.98,49.610001,47.689999,48.665001,48.665001,75727800
6/11/2020,46.290001,47.105,41.41,41.5,41.5,95833000
6/12/2020,44.145,44.825001,40.215,42.400002,42.400002,102969200
6/15/2020,40.540001,44.34,40.029999,43.895,43.895,99546200
6/16/2020,46.695,47.060001,44.154999,46.215,46.215,95804400
6/17/2020,47.084999,47.73,46.200001,46.665001,46.665001,64714600
6/18/2020,46.470001,47.18,46.02,47.025002,47.025002,53196400
6/19/2020,48.485001,48.615002,45.98,46.959999,46.959999,72487600
6/22/2020,46.955002,48.775002,46.755001,48.630001,48.630001,55033400
6/23/2020,49.685001,51.310001,49.330002,49.900002,49.900002,58724600
6/24/2020,49.450001,50.235001,45.924999,46.959999,46.959999,98205400
6/25/2020,46.955002,48.360001,45.369999,48.205002,48.205002,75425800
6/26/2020,48.009998,48.150002,44.450001,44.740002,44.740002,93985200
6/29/2020,44.605,46.215,43.139999,46.169998,46.169998,64902400
6/30/2020,46.16,49.240002,46.064999,48.825001,48.825001,62847200
7/1/2020,48.93,51.235001,48.619999,50.57,50.57,63034400
7/2/2020,52.145,52.935001,51.369999,51.645,51.645,57038000
7/6/2020,53.650002,55.790001,53.645,55.439999,55.439999,52996000
7/7/2020,55.275002,57.080002,54.119999,54.349998,54.349998,61524800
7/8/2020,55.215,56.470001,54.244999,56.439999,56.439999,59982800
7/9/2020,57.705002,58.334999,54.93,57.849998,57.849998,79399000
7/10/2020,57.709999,59.224998,55.945,59.075001,59.075001,60697400
7/13/2020,61.025002,62.974998,54.845001,55.424999,55.424999,93646200
7/14/2020,53.794998,56.860001,51.695,56.599998,56.599998,114937800
7/15/2020,57.43,58.110001,54.695,56.880001,56.880001,91886000
7/16/2020,55.02,56.18,53.494999,55.66,55.66,74993000
7/17/2020,56.080002,56.52,54.5,55.919998,55.919998,57750800
7/20/2020,56.400002,61.115002,55.544998,60.68,60.68,62905400
7/21/2020,61.794998,61.834999,58.200001,58.740002,58.740002,73920200
7/22/2020,59.084999,60.064999,57.825001,59.419998,59.419998,56947200
7/23/2020,59.154999,59.619999,53.785,54.764999,54.764999,84162200
7/24/2020,52.255001,54.080002,50.505001,53.145,53.145,89304600
7/27/2020,54.294998,56.275002,53.740002,56,56,66906000
7/28/2020,55.540001,55.855,53.685001,53.895,53.895,59675600
7/29/2020,54.845001,56.305,54.575001,55.73,55.73,48570200
7/30/2020,54.450001,56.985001,53.68,56.634998,56.634998,75550000
7/31/2020,59.66,59.75,56.439999,59.689999,59.689999,90001200
8/3/2020,61.125,62.564999,61.029999,61.915001,61.915001,54467000
8/4/2020,61.66,62.810001,61.169998,62.720001,62.720001,52752000
8/5/2020,63.075001,63.535,62.455002,63.220001,63.220001,40740800
8/6/2020,63.055,65.964996,62.610001,65.639999,65.639999,48016000
8/7/2020,65.309998,65.910004,61.845001,63.494999,63.494999,74177000
8/10/2020,63.634998,63.805,60.084999,62.639999,62.639999,63577800
8/11/2020,61.779999,62.724998,58.695,59.084999,59.084999,77568400
8/12/2020,60.549999,64.18,60.549999,63.505001,63.505001,55461000
8/13/2020,64.040001,65.589996,63.264999,63.950001,63.950001,58570400
8/14/2020,64.330002,64.595001,62.705002,63.764999,63.764999,49934400
8/17/2020,64.934998,66.18,64.830002,65.870003,65.870003,31666200
8/18/2020,66.714996,68.199997,65.644997,67.805,67.805,37328400
8/19/2020,67.794998,68.605003,66.144997,66.480003,66.480003,51461800
8/20/2020,65.875,69.595001,65.584999,69.214996,69.214996,38193600
8/21/2020,69.330002,71.004997,68.894997,70.660004,70.660004,41070000
8/24/2020,73.105003,73.779999,70.220001,71.970001,71.970001,62846000
8/25/2020,71.415001,73.724998,71.035004,73.650002,73.650002,43139200
8/26/2020,74.635002,78.525002,74.540001,78.364998,78.364998,54915800
8/27/2020,79.290001,79.934998,75.790001,77.654999,77.654999,75650600
8/28/2020,78.644997,79.364998,77.574997,78.855003,78.855003,49536400
8/31/2020,79.269997,82.269997,78.910004,80.68,80.68,45099600
9/1/2020,82.959999,84.985001,81.474998,84.870003,84.870003,48460000
9/2/2020,87.739998,87.834999,82.334999,87.264999,87.264999,72342400
9/3/2020,83.364998,83.699997,71.410004,73.864998,73.864998,110756200
9/4/2020,72.690002,75.150002,61.93,70.82,70.82,140370200
9/8/2020,62.474998,66.985001,60.529999,60.810001,60.810001,106706200
9/9/2020,64.514999,67.599998,62.834999,66.035004,66.035004,72588000
9/10/2020,68.260002,69.195,60.869999,62.215,62.215,116484200
9/11/2020,63.5,64.095001,58.404999,60.855,60.855,96449400
9/14/2020,63.5,65.404999,62.540001,63.990002,63.990002,67258200
9/15/2020,66.665001,67.709999,65.480003,66.709999,66.709999,75222400
9/16/2020,67.264999,67.660004,63.294998,63.505001,63.505001,76535400
9/17/2020,58.605,61.98,58.025002,60.580002,60.580002,111711200
9/18/2020,61.43,61.724998,55.380001,58.240002,58.240002,115760600
9/21/2020,55.615002,58.974998,54.049999,58.93,58.93,93828600
9/22/2020,60.599998,62.564999,58.23,62.150002,62.150002,78766600
9/23/2020,61.924999,62.075001,55.855,56.395,56.395,101376800
9/24/2020,54.845001,59.355,54.584999,57.220001,57.220001,93759000
9/25/2020,57.535,61.779999,56.525002,61.23,61.23,81119600
9/28/2020,64.644997,65,62.785,64.860001,64.860001,68332800
9/29/2020,64.739998,65.419998,63.764999,64.18,64.18,55451400
9/30/2020,64.294998,67.760002,64.125,65.449997,65.449997,84692000
10/1/2020,68.285004,69.035004,66.889999,68.514999,68.514999,69669000
10/2/2020,64.059998,66.815002,62.165001,62.865002,62.865002,99888400
10/5/2020,64.235001,67.050003,64.125,66.830002,66.830002,52697600
10/6/2020,66.195,67.559998,62.575001,63.240002,63.240002,86412200
10/7/2020,65.084999,67.055,64.690002,66.565002,66.565002,56272200
10/8/2020,68.224998,68.305,66.769997,67.544998,67.544998,49473400
10/9/2020,68.769997,70.695,68.480003,70.550003,70.550003,48817800
10/12/2020,74.199997,79.364998,73.43,77.129997,77.129997,73529200
10/13/2020,78.599998,79.165001,76.074997,77.139999,77.139999,70965400
10/14/2020,77.830002,78.599998,73.824997,75.235001,75.235001,74492800
10/15/2020,71.510002,74.195,70.970001,73.68,73.68,62269200
10/16/2020,75.035004,76.135002,72.25,72.550003,72.550003,57024200
10/19/2020,74.019997,74.754997,68.18,68.945,68.945,69388800
10/20/2020,69.489998,71.699997,68.294998,69.389999,69.389999,68677600
10/21/2020,69.544998,71.504997,68.860001,69.209999,69.209999,60643200
10/22/2020,69.849998,70.5,66.735001,69.245003,69.245003,59790800
10/23/2020,69.705002,69.714996,67.445,69.650002,69.650002,47772000
10/26/2020,67.885002,69.989998,63.744999,66.474998,66.474998,79278400
10/27/2020,67.135002,68.599998,66.260002,68.044998,68.044998,55965000
10/28/2020,64.709999,65.120003,59.900002,60.060001,60.060001,92360000
10/29/2020,60.970001,65.230003,60.619999,63.115002,63.115002,69093600
10/30/2020,61.775002,62.365002,56.775002,58.724998,58.724998,115405600
11/2/2020,59.895,61.044998,56.805,58.744999,58.744999,75568000
11/3/2020,59.990002,63.205002,59.299999,61.700001,61.700001,67484600
11/4/2020,67.794998,71.32,66.660004,70.040001,70.040001,84593800
11/5/2020,74.830002,76.275002,73.794998,75.445,75.445,75066200
11/6/2020,74.934998,76.285004,72.029999,75.699997,75.699997,67575600
11/9/2020,77.839996,79.190002,70.739998,71.080002,71.080002,82932800
11/10/2020,68.57,69.625,65.175003,67.245003,67.245003,84333400
11/11/2020,69.035004,72.095001,68.739998,71.764999,71.764999,63415400
11/12/2020,72.425003,73.459999,69.860001,70.714996,70.714996,71671800
11/13/2020,71.889999,73.040001,70.330002,72.57,72.57,52373800
11/16/2020,72.375,74.504997,71.870003,74.239998,74.239998,53437200
11/17/2020,74.400002,74.68,73.065002,73.555,73.555,45676000
11/18/2020,73.129997,74.375,71.849998,71.849998,71.849998,38585400
11/19/2020,71.455002,73.845001,70.980003,73.629997,73.629997,39835400
11/20/2020,73.525002,74.135002,72.059998,72.135002,72.135002,32498400
11/23/2020,72.910004,73.870003,70.379997,72.150002,72.150002,44765200
11/24/2020,72.910004,75.514999,71.535004,75.099998,75.099998,39003800
11/25/2020,75.860001,77.004997,75.224998,76.514999,76.514999,32169400
11/27/2020,78.019997,79.535004,77.764999,78.605003,78.605003,23231800
11/30/2020,78.860001,79.389999,75.290001,79.010002,79.010002,46155600
12/1/2020,80.894997,83.474998,80.050003,82.114998,82.114998,42699000
12/2/2020,81.105003,82.720001,79.589996,82.445,82.445,36532400
12/3/2020,82.644997,84.095001,82.175003,82.779999,82.779999,39365400
12/4/2020,82.800003,83.919998,82.254997,83.794998,83.794998,31772000
12/7/2020,83.949997,85.510002,83.800003,85.214996,85.214996,31007000
12/8/2020,84.824997,86.339996,83.305,85.995003,85.995003,33481400
12/9/2020,85.919998,86.129997,79.309998,80.235001,80.235001,61219600
12/10/2020,78.519997,82.135002,77.629997,81.220001,81.220001,43336600
12/11/2020,79.824997,80.764999,77.949997,80.650002,80.650002,42454800
12/14/2020,81.614998,84.025002,81.584999,82.370003,82.370003,36671200
12/15/2020,84.290001,85.004997,82.459999,84.93,84.93,39495600
12/16/2020,85.385002,87.125,84.489998,86.355003,86.355003,34397600
12/17/2020,87.824997,88.339996,86.794998,88.125,88.125,34818800
12/18/2020,88.779999,88.955002,85.264999,87.165001,87.165001,42189000
12/21/2020,84.785004,87.309998,82.339996,86.839996,86.839996,50899200
12/22/2020,87.650002,88.355003,85.089996,87.525002,87.525002,40082600
12/23/2020,87.519997,87.879997,86.089996,86.205002,86.205002,29858600
12/24/2020,86.455002,87.720001,86.360001,87.324997,87.324997,19266400
12/28/2020,89.580002,90.379997,88.014999,89.945,89.945,29263200
12/29/2020,91.175003,91.699997,89.404999,90.209999,90.209999,30285600
12/30/2020,91.224998,91.5,89.635002,90.195,90.195,26201800
12/31/2020,90.135002,91.239998,89.165001,90.900002,90.900002,26677000
1/4/2021,92.040001,92.195,83.415001,86.925003,86.925003,49368000
1/5/2021,86.139999,89.279999,86.139999,89.105003,89.105003,29678200
1/6/2021,84.949997,89.169998,84.110001,85.419998,85.419998,52682600
1/7/2021,87.684998,92.324997,87.675003,91.589996,91.589996,30923800
1/8/2021,93.654999,95.440002,91.699997,95.139999,95.139999,38203800
1/11/2021,92.404999,93.470001,90.404999,90.934998,90.934998,35325600
1/12/2021,91.059998,92.004997,88.199997,90.540001,90.540001,36507800
1/13/2021,90.785004,93.095001,90.25,92.300003,92.300003,27187600
1/14/2021,92.75,93.669998,90.480003,90.894997,90.894997,29559000
1/15/2021,90.705002,91.565002,87.540001,88.684998,88.684998,35423000
1/19/2021,90.724998,93.035004,89.800003,92.529999,92.529999,30241800
1/20/2021,95.855003,99.885002,95.529999,98.980003,98.980003,30434000
1/21/2021,100.25,102.139999,99,101.440002,101.440002,23170800
1/22/2021,100.410004,101.519997,99.879997,100.519997,100.519997,20443800
1/25/2021,103.760002,105.07,96.800003,103.309998,103.309998,38292600
1/26/2021,103.720001,104.580002,102.18,103.419998,103.419998,22742200
1/27/2021,101.260002,101.300003,93,95.080002,95.080002,47225200
1/28/2021,95.889999,101,95.349998,96.480003,96.480003,22505400
1/29/2021,94.900002,95.919998,88.75,90.470001,90.470001,46069600
2/1/2021,93.550003,98.029999,91.739998,97.120003,97.120003,26414900
2/2/2021,99.889999,102.959999,99.760002,101.82,101.82,23186600
2/3/2021,103.93,104.230003,100.650002,100.650002,100.650002,23793000
2/4/2021,102.040001,104.300003,100.75,104.209999,104.209999,18202200
2/5/2021,105.199997,106.290001,103.57,105.300003,105.300003,21616900
